TH_id	gene	outlier_type	results
TH34_1162_S01	JAK1	pc	BIOCARTA_IL10_PATHWAY (pd_up (2/17))
TH34_1162_S01	CSF1R	pd	PID_AVB3_INTEGRIN_PATHWAY (pd_up (3/75))
TH34_1162_S01	JAK1	pc	REACTOME_IMMUNE_SYSTEM (pd_up (16/933))
TH34_1162_S01	CSF1R	pd	KEGG_HEMATOPOIETIC_CELL_LINEAGE (pd_up (4/88))
TH34_1162_S01	CSF1R	pd	KEGG_ENDOCYTOSIS (pd_up (4/183))
TH34_1179_S01	PTCH1	pc	HALLMARK_HEDGEHOG_SIGNALING (comm_up (3/36) and pc_up (3/36) and pd_up (8/36))
TH34_1179_S01	PTCH1	pd	HALLMARK_HEDGEHOG_SIGNALING (comm_up (3/36) and pc_up (3/36) and pd_up (8/36))
TH34_1179_S01	PTCH1	pc	KEGG_HEDGEHOG_SIGNALING_PATHWAY (comm_up (3/56) and pc_up (3/56) and pd_up (5/56))
TH34_1179_S01	PTCH1	pd	KEGG_HEDGEHOG_SIGNALING_PATHWAY (comm_up (3/56) and pc_up (3/56) and pd_up (5/56))
TH34_1179_S01	FGFR1	pc	KEGG_MAPK_SIGNALING_PATHWAY (comm_up (5/267) and pc_up (5/267) and pd_up (11/267))
TH34_1179_S01	FGFR1	pd	KEGG_MAPK_SIGNALING_PATHWAY (comm_up (5/267) and pc_up (5/267) and pd_up (11/267))
TH34_1179_S01	PDGFRB	pd	KEGG_MAPK_SIGNALING_PATHWAY (comm_up (5/267) and pc_up (5/267) and pd_up (11/267))
TH34_1179_S01	FGFR1	pc	REACTOME_DOWNSTREAM_SIGNALING_OF_ACTIVATED_FGFR (comm_up (4/100) and pc_up (4/100) and pd_up (5/100))
TH34_1179_S01	FGFR1	pd	REACTOME_DOWNSTREAM_SIGNALING_OF_ACTIVATED_FGFR (comm_up (4/100) and pc_up (4/100) and pd_up (5/100))
TH34_1179_S01	FGFR1	pc	REACTOME_FGFR_LIGAND_BINDING_AND_ACTIVATION (comm_up (4/22) and pc_up (4/22) and pd_up (4/22))
TH34_1179_S01	FGFR1	pd	REACTOME_FGFR_LIGAND_BINDING_AND_ACTIVATION (comm_up (4/22) and pc_up (4/22) and pd_up (4/22))
TH34_1179_S01	FGFR1	pc	REACTOME_FGFR1_LIGAND_BINDING_AND_ACTIVATION (comm_up (3/14) and pc_up (3/14) and pd_up (3/14))
TH34_1179_S01	FGFR1	pd	REACTOME_FGFR1_LIGAND_BINDING_AND_ACTIVATION (comm_up (3/14) and pc_up (3/14) and pd_up (3/14))
TH34_1179_S01	FGFR1	pc	REACTOME_FRS2_MEDIATED_CASCADE (comm_up (4/36) and pc_up (4/36) and pd_up (4/36))
TH34_1179_S01	FGFR1	pd	REACTOME_FRS2_MEDIATED_CASCADE (comm_up (4/36) and pc_up (4/36) and pd_up (4/36))
TH34_1179_S01	FGFR1	pc	REACTOME_NEGATIVE_REGULATION_OF_FGFR_SIGNALING (comm_up (4/37) and pc_up (4/37) and pd_up (4/37))
TH34_1179_S01	FGFR1	pd	REACTOME_NEGATIVE_REGULATION_OF_FGFR_SIGNALING (comm_up (4/37) and pc_up (4/37) and pd_up (4/37))
TH34_1179_S01	FGFR1	pc	REACTOME_PI_3K_CASCADE (comm_up (4/56) and pc_up (4/56) and pd_up (4/56))
TH34_1179_S01	FGFR1	pd	REACTOME_PI_3K_CASCADE (comm_up (4/56) and pc_up (4/56) and pd_up (4/56))
TH34_1179_S01	FGFR1	pc	REACTOME_SHC_MEDIATED_CASCADE (comm_up (4/28) and pc_up (4/28) and pd_up (4/28))
TH34_1179_S01	FGFR1	pd	REACTOME_SHC_MEDIATED_CASCADE (comm_up (4/28) and pc_up (4/28) and pd_up (4/28))
TH34_1179_S01	FGFR1	pc	REACTOME_SIGNALING_BY_INSULIN_RECEPTOR (comm_up (4/108) and pc_up (4/108) and pd_up (6/108))
TH34_1179_S01	FGFR1	pd	REACTOME_SIGNALING_BY_INSULIN_RECEPTOR (comm_up (4/108) and pc_up (4/108) and pd_up (6/108))
TH34_1179_S01	PTCH1	pc	BIOCARTA_PTC1_PATHWAY (comm_up (2/11) and pc_up (2/11))
TH34_1179_S01	PTCH1	pd	BIOCARTA_PTC1_PATHWAY (comm_up (2/11) and pc_up (2/11))
TH34_1179_S01	PTCH1	pc	BIOCARTA_SHH_PATHWAY (comm_up (2/16) and pc_up (2/16))
TH34_1179_S01	PTCH1	pd	BIOCARTA_SHH_PATHWAY (comm_up (2/16) and pc_up (2/16))
TH34_1179_S01	PTCH1	pc	HALLMARK_WNT_BETA_CATENIN_SIGNALING (pc_up (3/42) and pd_up (7/42))
TH34_1179_S01	PTCH1	pd	HALLMARK_WNT_BETA_CATENIN_SIGNALING (pc_up (3/42) and pd_up (7/42))
TH34_1179_S01	PDGFRB	pd	KEGG_FOCAL_ADHESION (pd_up (12/201))
TH34_1179_S01	PTCH1	pc	PID_HEDGEHOG_2PATHWAY (comm_up (2/22) and pc_up (2/22))
TH34_1179_S01	PTCH1	pd	PID_HEDGEHOG_2PATHWAY (comm_up (2/22) and pc_up (2/22))
TH34_1179_S01	FGFR1	pc	REACTOME_AXON_GUIDANCE (pd_up (15/251))
TH34_1179_S01	FGFR1	pd	REACTOME_AXON_GUIDANCE (pd_up (15/251))
TH34_1179_S01	PTCH1	pc	REACTOME_CLASS_B_2_SECRETIN_FAMILY_RECEPTORS (comm_up (3/88) and pc_up (3/88))
TH34_1179_S01	PTCH1	pd	REACTOME_CLASS_B_2_SECRETIN_FAMILY_RECEPTORS (comm_up (3/88) and pc_up (3/88))
TH34_1179_S01	FGFR1	pc	REACTOME_PI3K_CASCADE (comm_up (4/71) and pc_up (4/71))
TH34_1179_S01	FGFR1	pd	REACTOME_PI3K_CASCADE (comm_up (4/71) and pc_up (4/71))
TH34_1179_S01	FGFR1	pc	REACTOME_SIGNALING_BY_ACTIVATED_POINT_MUTANTS_OF_FGFR1 (comm_up (2/11) and pc_up (2/11))
TH34_1179_S01	FGFR1	pd	REACTOME_SIGNALING_BY_ACTIVATED_POINT_MUTANTS_OF_FGFR1 (comm_up (2/11) and pc_up (2/11))
TH34_1179_S01	FGFR1	pc	REACTOME_SIGNALING_BY_FGFR (comm_up (4/112) and pc_up (4/112))
TH34_1179_S01	FGFR1	pd	REACTOME_SIGNALING_BY_FGFR (comm_up (4/112) and pc_up (4/112))
TH34_1179_S01	FGFR1	pc	REACTOME_SIGNALING_BY_FGFR_IN_DISEASE (comm_up (4/127) and pc_up (4/127))
TH34_1179_S01	FGFR1	pd	REACTOME_SIGNALING_BY_FGFR_IN_DISEASE (comm_up (4/127) and pc_up (4/127))
TH34_1179_S01	FGFR1	pc	REACTOME_SIGNALING_BY_FGFR_MUTANTS (comm_up (3/44) and pc_up (3/44))
TH34_1179_S01	FGFR1	pd	REACTOME_SIGNALING_BY_FGFR_MUTANTS (comm_up (3/44) and pc_up (3/44))
TH34_1179_S01	PTCH1	pc	PID_HEDGEHOG_GLI_PATHWAY (pd_up (7/48))
TH34_1179_S01	PTCH1	pd	PID_HEDGEHOG_GLI_PATHWAY (pd_up (7/48))
TH34_1179_S01	FGFR1	pc	REACTOME_L1CAM_INTERACTIONS (pd_up (7/86))
TH34_1179_S01	FGFR1	pd	REACTOME_L1CAM_INTERACTIONS (pd_up (7/86))
TH34_1179_S01	FGFR1	pc	KEGG_PATHWAYS_IN_CANCER (comm_up (11/328) and pc_up (11/328) and pd_up (21/328))
TH34_1179_S01	FGFR1	pd	KEGG_PATHWAYS_IN_CANCER (comm_up (11/328) and pc_up (11/328) and pd_up (21/328))
TH34_1179_S01	PDGFRB	pd	KEGG_PATHWAYS_IN_CANCER (comm_up (11/328) and pc_up (11/328) and pd_up (21/328))
TH34_1179_S01	PTCH1	pc	KEGG_PATHWAYS_IN_CANCER (comm_up (11/328) and pc_up (11/328) and pd_up (21/328))
TH34_1179_S01	PTCH1	pd	KEGG_PATHWAYS_IN_CANCER (comm_up (11/328) and pc_up (11/328) and pd_up (21/328))
TH34_1179_S01	PTCH1	pc	KEGG_BASAL_CELL_CARCINOMA (comm_up (4/55) and pc_up (4/55) and pd_up (6/55))
TH34_1179_S01	PTCH1	pd	KEGG_BASAL_CELL_CARCINOMA (comm_up (4/55) and pc_up (4/55) and pd_up (6/55))
TH34_1179_S01	FGFR1	pc	KEGG_MELANOMA (comm_up (4/71) and pc_up (4/71) and pd_up (5/71))
TH34_1179_S01	FGFR1	pd	KEGG_MELANOMA (comm_up (4/71) and pc_up (4/71) and pd_up (5/71))
TH34_1179_S01	PDGFRB	pd	KEGG_MELANOMA (comm_up (4/71) and pc_up (4/71) and pd_up (5/71))
TH34_1179_S01	FGFR1	pc	REACTOME_INSULIN_RECEPTOR_SIGNALLING_CASCADE (comm_up (4/87) and pc_up (4/87) and pd_up (6/87))
TH34_1179_S01	FGFR1	pd	REACTOME_INSULIN_RECEPTOR_SIGNALLING_CASCADE (comm_up (4/87) and pc_up (4/87) and pd_up (6/87))
TH34_1179_S01	FGFR1	pc	REACTOME_PHOSPHOLIPASE_C_MEDIATED_CASCADE (comm_up (4/54) and pc_up (4/54) and pd_up (5/54))
TH34_1179_S01	FGFR1	pd	REACTOME_PHOSPHOLIPASE_C_MEDIATED_CASCADE (comm_up (4/54) and pc_up (4/54) and pd_up (5/54))
TH34_1179_S01	PDGFRB	pd	HALLMARK_APOPTOSIS (pd_up (7/161))
TH34_1179_S01	PDGFRB	pd	HALLMARK_EPITHELIAL_MESENCHYMAL_TRANSITION (pd_up (16/200))
TH34_1179_S01	PDGFRB	pd	KEGG_GLIOMA (pd_up (5/65))
TH34_1179_S01	FGFR1	pc	KEGG_PROSTATE_CANCER (pd_up (5/89))
TH34_1179_S01	FGFR1	pd	KEGG_PROSTATE_CANCER (pd_up (5/89))
TH34_1179_S01	PDGFRB	pd	KEGG_PROSTATE_CANCER (pd_up (5/89))
TH34_1179_S01	FGFR1	pc	KEGG_REGULATION_OF_ACTIN_CYTOSKELETON (pd_up (8/216))
TH34_1179_S01	FGFR1	pd	KEGG_REGULATION_OF_ACTIN_CYTOSKELETON (pd_up (8/216))
TH34_1179_S01	PDGFRB	pd	KEGG_REGULATION_OF_ACTIN_CYTOSKELETON (pd_up (8/216))
TH34_1179_S01	FGFR1	pc	REACTOME_DEVELOPMENTAL_BIOLOGY (pd_up (18/396))
TH34_1179_S01	FGFR1	pd	REACTOME_DEVELOPMENTAL_BIOLOGY (pd_up (18/396))
TH34_1179_S01	FGFR1	pc	HALLMARK_ANGIOGENESIS (pd_up (4/36))
TH34_1179_S01	FGFR1	pd	HALLMARK_ANGIOGENESIS (pd_up (4/36))
TH34_1179_S01	PDGFRB	pd	KEGG_GAP_JUNCTION (pd_up (5/90))
TH34_1238_S01	PIK3CD	pc	REACTOME_CYTOKINE_SIGNALING_IN_IMMUNE_SYSTEM (pc_up (7/270))
TH34_1238_S01	BTK	pc	REACTOME_SIGNALING_BY_THE_B_CELL_RECEPTOR_BCR (pc_up (9/126))
TH34_1238_S01	MTOR	pc	REACTOME_SIGNALING_BY_THE_B_CELL_RECEPTOR_BCR (pc_up (9/126))
TH34_1238_S01	PIK3CD	pc	REACTOME_SIGNALING_BY_THE_B_CELL_RECEPTOR_BCR (pc_up (9/126))
TH34_1238_S01	MTOR	pc	REACTOME_SIGNALLING_BY_NGF (pc_up (8/217))
TH34_1238_S01	BTK	pc	BIOCARTA_BCR_PATHWAY (pc_up (3/37))
TH34_1238_S01	CCND3	pc	HALLMARK_IL2_STAT5_SIGNALING (pc_up (7/200))
TH34_1238_S01	PIK3CD	pc	KEGG_CHEMOKINE_SIGNALING_PATHWAY (pc_up (6/190))
TH34_1238_S01	BTK	pc	KEGG_FC_EPSILON_RI_SIGNALING_PATHWAY (pc_up (5/79))
TH34_1238_S01	PIK3CD	pc	KEGG_FC_EPSILON_RI_SIGNALING_PATHWAY (pc_up (5/79))
TH34_1238_S01	CCND3	pc	KEGG_FOCAL_ADHESION (pc_up (6/201))
TH34_1238_S01	PIK3CD	pc	KEGG_FOCAL_ADHESION (pc_up (6/201))
TH34_1238_S01	MTOR	pc	KEGG_MTOR_SIGNALING_PATHWAY (pc_up (4/52))
TH34_1238_S01	PIK3CD	pc	KEGG_MTOR_SIGNALING_PATHWAY (pc_up (4/52))
TH34_1238_S01	RPTOR	pc	KEGG_MTOR_SIGNALING_PATHWAY (pc_up (4/52))
TH34_1238_S01	BTK	pc	PID_BCR_5PATHWAY (pc_up (11/65))
TH34_1238_S01	MTOR	pc	PID_CXCR4_PATHWAY (pc_up (10/102))
TH34_1238_S01	PIK3CD	pc	PID_CXCR4_PATHWAY (pc_up (10/102))
TH34_1238_S01	BTK	pc	PID_FCER1_PATHWAY (pc_up (4/62))
TH34_1238_S01	MTOR	pc	PID_IL4_2PATHWAY (pc_up (4/65))
TH34_1238_S01	MTOR	pc	PID_MET_PATHWAY (pc_up (4/80))
TH34_1238_S01	RPTOR	pc	PID_MET_PATHWAY (pc_up (4/80))
TH34_1238_S01	BTK	pc	PID_PI3KCI_PATHWAY (pc_up (8/49))
TH34_1238_S01	PIK3CD	pc	PID_PI3KCI_PATHWAY (pc_up (8/49))
TH34_1238_S01	MTOR	pc	REACTOME_COSTIMULATION_BY_THE_CD28_FAMILY (pc_up (4/63))
TH34_1238_S01	PIK3CD	pc	REACTOME_IL_3_5_AND_GM_CSF_SIGNALING (pc_up (4/43))
TH34_1238_S01	PIK3CD	pc	REACTOME_IL_RECEPTOR_SHC_SIGNALING (pc_up (3/27))
TH34_1238_S01	BTK	pc	SIG_BCR_SIGNALING_PATHWAY (pc_up (8/46))
TH34_1238_S01	PIK3CD	pc	SIG_BCR_SIGNALING_PATHWAY (pc_up (8/46))
TH34_1238_S01	BTK	pc	SIG_CHEMOTAXIS (pc_up (4/45))
TH34_1238_S01	PIK3CD	pc	SIG_CHEMOTAXIS (pc_up (4/45))
TH34_1238_S01	BTK	pc	SIG_PIP3_SIGNALING_IN_B_LYMPHOCYTES (pc_up (4/36))
TH34_1238_S01	BTK	pc	ST_B_CELL_ANTIGEN_RECEPTOR (pc_up (6/40))
TH34_1238_S01	PIK3CD	pc	ST_B_CELL_ANTIGEN_RECEPTOR (pc_up (6/40))
TH34_1238_S01	BTK	pc	REACTOME_ADAPTIVE_IMMUNE_SYSTEM (pc_up (16/539))
TH34_1238_S01	MTOR	pc	REACTOME_ADAPTIVE_IMMUNE_SYSTEM (pc_up (16/539))
TH34_1238_S01	PIK3CD	pc	REACTOME_ADAPTIVE_IMMUNE_SYSTEM (pc_up (16/539))
TH34_1238_S01	BTK	pc	REACTOME_IMMUNE_SYSTEM (pc_up (20/933))
TH34_1238_S01	MTOR	pc	REACTOME_IMMUNE_SYSTEM (pc_up (20/933))
TH34_1238_S01	PIK3CD	pc	REACTOME_IMMUNE_SYSTEM (pc_up (20/933))
TH34_1238_S01	BTK	pc	KEGG_B_CELL_RECEPTOR_SIGNALING_PATHWAY (pc_up (11/75))
TH34_1238_S01	PIK3CD	pc	KEGG_B_CELL_RECEPTOR_SIGNALING_PATHWAY (pc_up (11/75))
TH34_1238_S01	PIK3CD	pc	KEGG_PHOSPHATIDYLINOSITOL_SIGNALING_SYSTEM (pc_up (5/76))
TH34_1238_S01	BTK	pc	KEGG_PRIMARY_IMMUNODEFICIENCY (pc_up (7/35))
TH34_1238_S01	BTK	pc	PID_EPO_PATHWAY (pc_up (4/34))
TH34_1238_S01	BTK	pc	REACTOME_ANTIGEN_ACTIVATES_B_CELL_RECEPTOR_LEADING_TO_GENERATION_OF_SECOND_MESSENGERS (pc_up (8/29))
TH34_1238_S01	PIK3CD	pc	REACTOME_ANTIGEN_ACTIVATES_B_CELL_RECEPTOR_LEADING_TO_GENERATION_OF_SECOND_MESSENGERS (pc_up (8/29))
TH34_1238_S01	CCND3	pc	HALLMARK_ALLOGRAFT_REJECTION (pc_up (7/200))
TH34_1238_S01	PIK3CD	pc	KEGG_LEUKOCYTE_TRANSENDOTHELIAL_MIGRATION (pc_up (7/118))
TH34_1238_S01	PIK3CD	pc	KEGG_NATURAL_KILLER_CELL_MEDIATED_CYTOTOXICITY (pc_up (6/137))
TH34_1238_S01	PIK3CD	pc	KEGG_REGULATION_OF_ACTIN_CYTOSKELETON (pc_up (8/216))
TH34_1239_S01	CCND3	pc	PID_IL2_STAT5_PATHWAY (comm_up (2/30) and pc_up (4/30) and pd_up (2/30))
TH34_1239_S01	PIK3CD	pc	KEGG_FC_GAMMA_R_MEDIATED_PHAGOCYTOSIS (pc_up (11/97))
TH34_1239_S01	PIK3R5	pc	KEGG_FC_GAMMA_R_MEDIATED_PHAGOCYTOSIS (pc_up (11/97))
TH34_1239_S01	PIK3CD	pc	PID_CXCR4_PATHWAY (pc_up (15/102))
TH34_1239_S01	PIK3R5	pc	PID_CXCR4_PATHWAY (pc_up (15/102))
TH34_1239_S01	PIK3CD	pc	PID_PDGFRB_PATHWAY (pc_up (6/129))
TH34_1239_S01	PIK3R5	pc	PID_PDGFRB_PATHWAY (pc_up (6/129))
TH34_1239_S01	PIK3CD	pc	REACTOME_CYTOKINE_SIGNALING_IN_IMMUNE_SYSTEM (pc_up (9/270))
TH34_1239_S01	CCND3	pc	HALLMARK_IL2_STAT5_SIGNALING (pc_up (9/200))
TH34_1239_S01	PIK3CD	pc	KEGG_CHEMOKINE_SIGNALING_PATHWAY (pc_up (18/190))
TH34_1239_S01	PIK3R5	pc	KEGG_CHEMOKINE_SIGNALING_PATHWAY (pc_up (18/190))
TH34_1239_S01	BTK	pc	KEGG_FC_EPSILON_RI_SIGNALING_PATHWAY (pc_up (8/79))
TH34_1239_S01	PIK3CD	pc	KEGG_FC_EPSILON_RI_SIGNALING_PATHWAY (pc_up (8/79))
TH34_1239_S01	PIK3R5	pc	KEGG_FC_EPSILON_RI_SIGNALING_PATHWAY (pc_up (8/79))
TH34_1239_S01	CCND3	pc	KEGG_FOCAL_ADHESION (pc_up (9/201))
TH34_1239_S01	PIK3CD	pc	KEGG_FOCAL_ADHESION (pc_up (9/201))
TH34_1239_S01	PIK3R5	pc	KEGG_FOCAL_ADHESION (pc_up (9/201))
TH34_1239_S01	CCND3	pc	KEGG_JAK_STAT_SIGNALING_PATHWAY (pc_up (7/155))
TH34_1239_S01	PIK3CD	pc	KEGG_JAK_STAT_SIGNALING_PATHWAY (pc_up (7/155))
TH34_1239_S01	PIK3R5	pc	KEGG_JAK_STAT_SIGNALING_PATHWAY (pc_up (7/155))
TH34_1239_S01	PIK3CD	pc	KEGG_VEGF_SIGNALING_PATHWAY (pc_up (6/76))
TH34_1239_S01	PIK3R5	pc	KEGG_VEGF_SIGNALING_PATHWAY (pc_up (6/76))
TH34_1239_S01	PIK3R5	pc	PID_EPHA_FWDPATHWAY (pc_up (4/34))
TH34_1239_S01	BTK	pc	PID_FCER1_PATHWAY (pc_up (5/62))
TH34_1239_S01	BTK	pc	PID_PI3KCI_PATHWAY (pc_up (9/49))
TH34_1239_S01	PIK3CD	pc	PID_PI3KCI_PATHWAY (pc_up (9/49))
TH34_1239_S01	PIK3R5	pc	PID_PI3KCI_PATHWAY (pc_up (9/49))
TH34_1239_S01	PIK3R5	pc	PID_TXA2PATHWAY (pc_up (9/57))
TH34_1239_S01	PIK3R5	pc	REACTOME_GPVI_MEDIATED_ACTIVATION_CASCADE (pc_up (7/31))
TH34_1239_S01	PIK3CD	pc	REACTOME_IL_2_SIGNALING (pc_up (5/41))
TH34_1239_S01	PIK3CD	pc	REACTOME_IL_3_5_AND_GM_CSF_SIGNALING (pc_up (5/43))
TH34_1239_S01	PIK3R5	pc	REACTOME_SIGNALING_BY_GPCR (pc_up (20/920))
TH34_1239_S01	PIK3CD	pc	REACTOME_SIGNALING_BY_ILS (pc_up (7/107))
TH34_1239_S01	BTK	pc	SIG_BCR_SIGNALING_PATHWAY (pc_up (5/46))
TH34_1239_S01	PIK3CD	pc	SIG_BCR_SIGNALING_PATHWAY (pc_up (5/46))
TH34_1239_S01	BTK	pc	SIG_PIP3_SIGNALING_IN_B_LYMPHOCYTES (pc_up (4/36))
TH34_1239_S01	PIK3R5	pc	SIG_PIP3_SIGNALING_IN_B_LYMPHOCYTES (pc_up (4/36))
TH34_1239_S01	BTK	pc	ST_B_CELL_ANTIGEN_RECEPTOR (pc_up (5/40))
TH34_1239_S01	PIK3CD	pc	ST_B_CELL_ANTIGEN_RECEPTOR (pc_up (5/40))
TH34_1239_S01	BTK	pc	REACTOME_IMMUNE_SYSTEM (comm_up (6/933) and pc_up (40/933) and pd_up (12/933))
TH34_1239_S01	PIK3CD	pc	REACTOME_IMMUNE_SYSTEM (comm_up (6/933) and pc_up (40/933) and pd_up (12/933))
TH34_1239_S01	BTK	pc	KEGG_PRIMARY_IMMUNODEFICIENCY (pc_up (4/35) and pd_up (2/35))
TH34_1239_S01	PIK3CD	pc	KEGG_T_CELL_RECEPTOR_SIGNALING_PATHWAY (pc_up (9/108) and pd_up (3/108))
TH34_1239_S01	PIK3R5	pc	KEGG_T_CELL_RECEPTOR_SIGNALING_PATHWAY (pc_up (9/108) and pd_up (3/108))
TH34_1239_S01	BTK	pc	REACTOME_ADAPTIVE_IMMUNE_SYSTEM (pc_up (27/539))
TH34_1239_S01	PIK3CD	pc	REACTOME_ADAPTIVE_IMMUNE_SYSTEM (pc_up (27/539))
TH34_1239_S01	PIK3R5	pc	REACTOME_HEMOSTASIS (pc_up (31/466))
TH34_1239_S01	BTK	pc	KEGG_B_CELL_RECEPTOR_SIGNALING_PATHWAY (pc_up (9/75))
TH34_1239_S01	PIK3CD	pc	KEGG_B_CELL_RECEPTOR_SIGNALING_PATHWAY (pc_up (9/75))
TH34_1239_S01	PIK3R5	pc	KEGG_B_CELL_RECEPTOR_SIGNALING_PATHWAY (pc_up (9/75))
TH34_1239_S01	PIK3CD	pc	KEGG_NON_SMALL_CELL_LUNG_CANCER (pc_up (5/54))
TH34_1239_S01	PIK3R5	pc	KEGG_NON_SMALL_CELL_LUNG_CANCER (pc_up (5/54))
TH34_1239_S01	PIK3CD	pc	KEGG_PHOSPHATIDYLINOSITOL_SIGNALING_SYSTEM (pc_up (7/76))
TH34_1239_S01	PIK3R5	pc	KEGG_PHOSPHATIDYLINOSITOL_SIGNALING_SYSTEM (pc_up (7/76))
TH34_1239_S01	BTK	pc	REACTOME_ANTIGEN_ACTIVATES_B_CELL_RECEPTOR_LEADING_TO_GENERATION_OF_SECOND_MESSENGERS (pc_up (4/29))
TH34_1239_S01	PIK3CD	pc	REACTOME_ANTIGEN_ACTIVATES_B_CELL_RECEPTOR_LEADING_TO_GENERATION_OF_SECOND_MESSENGERS (pc_up (4/29))
TH34_1239_S01	PIK3R5	pc	REACTOME_GPCR_DOWNSTREAM_SIGNALING (pc_up (19/805))
TH34_1239_S01	CCND3	pc	HALLMARK_ALLOGRAFT_REJECTION (comm_up (5/200) and pc_up (24/200) and pd_up (8/200))
TH34_1239_S01	PIK3R5	pc	HALLMARK_COMPLEMENT (comm_up (3/200) and pc_up (14/200) and pd_up (7/200))
TH34_1239_S01	PIK3CD	pc	KEGG_NATURAL_KILLER_CELL_MEDIATED_CYTOTOXICITY (comm_up (4/137) and pc_up (19/137) and pd_up (4/137))
TH34_1239_S01	PIK3R5	pc	KEGG_NATURAL_KILLER_CELL_MEDIATED_CYTOTOXICITY (comm_up (4/137) and pc_up (19/137) and pd_up (4/137))
TH34_1239_S01	BTK	pc	REACTOME_INNATE_IMMUNE_SYSTEM (pc_up (10/279) and pd_up (7/279))
TH34_1239_S01	CCND3	pc	HALLMARK_HEME_METABOLISM (pc_up (12/200))
TH34_1239_S01	PIK3R5	pc	REACTOME_PLATELET_ACTIVATION_SIGNALING_AND_AGGREGATION (pc_up (14/208))
TH34_1239_S01	PIK3R5	pc	HALLMARK_INFLAMMATORY_RESPONSE (pc_up (11/200))
TH34_1239_S01	PIK3CD	pc	KEGG_LEUKOCYTE_TRANSENDOTHELIAL_MIGRATION (pc_up (13/118))
TH34_1239_S01	PIK3R5	pc	KEGG_LEUKOCYTE_TRANSENDOTHELIAL_MIGRATION (pc_up (13/118))
TH34_1239_S01	PIK3CD	pc	KEGG_REGULATION_OF_ACTIN_CYTOSKELETON (pc_up (16/216))
TH34_1239_S01	PIK3R5	pc	KEGG_REGULATION_OF_ACTIN_CYTOSKELETON (pc_up (16/216))
TH34_1349_S01	PTCH1	pc	HALLMARK_IL2_STAT5_SIGNALING (pc_up (6/200))
TH34_1349_S01	PTCH1	pc	REACTOME_SIGNALING_BY_GPCR (pc_up (12/920))
TH34_1349_S02	PTCH1	pc	HALLMARK_HEDGEHOG_SIGNALING (pc_up (3/36))
TH34_1349_S02	PTCH1	pc	HALLMARK_IL2_STAT5_SIGNALING (pc_up (8/200))
TH34_1349_S02	PTCH1	pc	REACTOME_SIGNALING_BY_GPCR (pc_up (16/920))
TH34_1349_S02	PTCH1	pc	REACTOME_GPCR_LIGAND_BINDING (pc_up (8/408))
TH34_1350_S01	PIK3R5	pc	KEGG_CHEMOKINE_SIGNALING_PATHWAY (pc_up (14/190))
TH34_1350_S01	PIK3R5	pc	PID_CXCR4_PATHWAY (pc_up (9/102))
TH34_1350_S01	PIK3R5	pc	PID_PDGFRB_PATHWAY (pc_up (6/129))
TH34_1350_S01	BTK	pc	BIOCARTA_FCER1_PATHWAY (pc_up (3/41))
TH34_1350_S01	PIK3R5	pc	HALLMARK_IL6_JAK_STAT3_SIGNALING (pc_up (7/87))
TH34_1350_S01	BTK	pc	KEGG_FC_EPSILON_RI_SIGNALING_PATHWAY (pc_up (4/79))
TH34_1350_S01	PIK3R5	pc	KEGG_FC_EPSILON_RI_SIGNALING_PATHWAY (pc_up (4/79))
TH34_1350_S01	PIK3R5	pc	KEGG_JAK_STAT_SIGNALING_PATHWAY (pc_up (6/155))
TH34_1350_S01	PIK3R5	pc	KEGG_NEUROTROPHIN_SIGNALING_PATHWAY (pc_up (6/126))
TH34_1350_S01	BTK	pc	PID_BCR_5PATHWAY (pc_up (7/65))
TH34_1350_S01	PIK3R5	pc	PID_EPHA_FWDPATHWAY (pc_up (3/34))
TH34_1350_S01	BTK	pc	PID_PI3KCI_PATHWAY (pc_up (4/49))
TH34_1350_S01	PIK3R5	pc	PID_PI3KCI_PATHWAY (pc_up (4/49))
TH34_1350_S01	PIK3R5	pc	PID_TXA2PATHWAY (pc_up (7/57))
TH34_1350_S01	PIK3R5	pc	REACTOME_GPVI_MEDIATED_ACTIVATION_CASCADE (pc_up (3/31))
TH34_1350_S01	BTK	pc	REACTOME_MYD88_MAL_CASCADE_INITIATED_ON_PLASMA_MEMBRANE (pc_up (4/83))
TH34_1350_S01	PIK3R5	pc	REACTOME_SIGNALING_BY_GPCR (pc_up (20/920))
TH34_1350_S01	BTK	pc	ST_B_CELL_ANTIGEN_RECEPTOR (pc_up (4/40))
TH34_1350_S01	BTK	pc	ST_FAS_SIGNALING_PATHWAY (pc_up (4/65))
TH34_1350_S01	BTK	pc	REACTOME_ADAPTIVE_IMMUNE_SYSTEM (pc_up (22/539) and pd_up (8/539))
TH34_1350_S01	BTK	pc	REACTOME_IMMUNE_SYSTEM (pc_up (32/933) and pd_up (17/933))
TH34_1350_S01	PIK3R5	pc	REACTOME_HEMOSTASIS (pc_up (25/466))
TH34_1350_S01	PIK3R5	pc	KEGG_ACUTE_MYELOID_LEUKEMIA (pc_up (4/60))
TH34_1350_S01	PIK3R5	pc	KEGG_APOPTOSIS (pc_up (4/88))
TH34_1350_S01	BTK	pc	KEGG_B_CELL_RECEPTOR_SIGNALING_PATHWAY (pc_up (7/75))
TH34_1350_S01	PIK3R5	pc	KEGG_B_CELL_RECEPTOR_SIGNALING_PATHWAY (pc_up (7/75))
TH34_1350_S01	BTK	pc	KEGG_PRIMARY_IMMUNODEFICIENCY (pd_up (2/35))
TH34_1350_S01	PIK3R5	pc	KEGG_PROSTATE_CANCER (pc_up (4/89))
TH34_1350_S01	BTK	pc	PID_EPO_PATHWAY (pc_up (3/34))
TH34_1350_S01	BTK	pc	REACTOME_ANTIGEN_ACTIVATES_B_CELL_RECEPTOR_LEADING_TO_GENERATION_OF_SECOND_MESSENGERS (pc_up (3/29))
TH34_1350_S01	PIK3R5	pc	REACTOME_GPCR_DOWNSTREAM_SIGNALING (pc_up (19/805))
TH34_1350_S01	PIK3R5	pc	HALLMARK_COMPLEMENT (pc_up (11/200) and pd_up (8/200))
TH34_1350_S01	BTK	pc	REACTOME_INNATE_IMMUNE_SYSTEM (pc_up (8/279) and pd_up (8/279))
TH34_1350_S01	PIK3R5	pc	KEGG_NATURAL_KILLER_CELL_MEDIATED_CYTOTOXICITY (pc_up (9/137) and pd_up (4/137))
TH34_1350_S01	PIK3R5	pc	KEGG_REGULATION_OF_ACTIN_CYTOSKELETON (pc_up (11/216))
TH34_1350_S01	PIK3R5	pc	REACTOME_PLATELET_ACTIVATION_SIGNALING_AND_AGGREGATION (pc_up (8/208))
TH34_1350_S01	PIK3R5	pc	HALLMARK_INFLAMMATORY_RESPONSE (pc_up (11/200))
TH34_1350_S01	PIK3R5	pc	KEGG_LEUKOCYTE_TRANSENDOTHELIAL_MIGRATION (pc_up (6/118))
TH34_1352_S01	CCND2	pd	KEGG_FOCAL_ADHESION (pd_up (13/201))
TH34_1352_S01	RAF1	pd	KEGG_FOCAL_ADHESION (pd_up (13/201))
TH34_1352_S01	FGFR1	pc	REACTOME_AXON_GUIDANCE (pd_up (14/251))
TH34_1352_S01	RAF1	pd	REACTOME_AXON_GUIDANCE (pd_up (14/251))
TH34_1352_S01	RAF1	pd	REACTOME_SIGNALLING_BY_NGF (pd_up (15/217))
TH34_1352_S01	RAF1	pd	BIOCARTA_CXCR4_PATHWAY (pd_up (4/24))
TH34_1352_S01	RAF1	pd	BIOCARTA_EGF_PATHWAY (pd_up (5/31))
TH34_1352_S01	STAT2	pd	BIOCARTA_EGF_PATHWAY (pd_up (5/31))
TH34_1352_S01	RAF1	pd	BIOCARTA_EPO_PATHWAY (pd_up (4/19))
TH34_1352_S01	RAF1	pd	BIOCARTA_ERK_PATHWAY (pd_up (5/28))
TH34_1352_S01	RAF1	pd	BIOCARTA_MET_PATHWAY (pd_up (7/37))
TH34_1352_S01	RAF1	pd	BIOCARTA_NFAT_PATHWAY (pc_up (4/56))
TH34_1352_S01	RAF1	pd	BIOCARTA_NGF_PATHWAY (pd_up (5/18))
TH34_1352_S01	RAF1	pd	BIOCARTA_PDGF_PATHWAY (pd_up (5/32))
TH34_1352_S01	STAT2	pd	BIOCARTA_PDGF_PATHWAY (pd_up (5/32))
TH34_1352_S01	RAF1	pd	KEGG_ERBB_SIGNALING_PATHWAY (pd_up (7/87))
TH34_1352_S01	RAF1	pd	KEGG_FC_GAMMA_R_MEDIATED_PHAGOCYTOSIS (pd_up (8/97))
TH34_1352_S01	RAF1	pd	PID_AR_NONGENOMIC_PATHWAY (pd_up (6/31))
TH34_1352_S01	RAF1	pd	PID_CDC42_PATHWAY (pd_up (6/70))
TH34_1352_S01	RAF1	pd	PID_FAK_PATHWAY (pd_up (7/59))
TH34_1352_S01	RAF1	pd	PID_MET_PATHWAY (pd_up (9/80))
TH34_1352_S01	CCND2	pd	PID_RB_1PATHWAY (pd_up (8/65))
TH34_1352_S01	RAF1	pd	PID_RB_1PATHWAY (pd_up (8/65))
TH34_1352_S01	RAF1	pd	PID_VEGFR1_2_PATHWAY (pd_up (7/69))
TH34_1352_S01	FGFR1	pc	REACTOME_SIGNALING_BY_FGFR_IN_DISEASE (pd_up (10/127))
TH34_1352_S01	RAF1	pd	REACTOME_SIGNALING_BY_FGFR_IN_DISEASE (pd_up (10/127))
TH34_1352_S01	RAF1	pd	ST_GA12_PATHWAY (pd_up (4/23))
TH34_1352_S01	RAF1	pd	ST_INTEGRIN_SIGNALING_PATHWAY (pd_up (8/82))
TH34_1352_S01	FGFR1	pc	KEGG_PATHWAYS_IN_CANCER (pc_up (9/328) and pd_up (19/328))
TH34_1352_S01	RAF1	pd	KEGG_PATHWAYS_IN_CANCER (pc_up (9/328) and pd_up (19/328))
TH34_1352_S01	RAF1	pd	REACTOME_ADAPTIVE_IMMUNE_SYSTEM (pd_up (26/539))
TH34_1352_S01	CCND2	pd	REACTOME_CELL_CYCLE (pd_up (22/421))
TH34_1352_S01	CCND2	pd	REACTOME_CELL_CYCLE_MITOTIC (pd_up (19/325))
TH34_1352_S01	RAF1	pd	REACTOME_IMMUNE_SYSTEM (pd_up (41/933))
TH34_1352_S01	STAT2	pd	REACTOME_IMMUNE_SYSTEM (pd_up (41/933))
TH34_1352_S01	RAF1	pd	BIOCARTA_ECM_PATHWAY (pd_up (4/24))
TH34_1352_S01	CCND2	pd	KEGG_CELL_CYCLE (pd_up (12/128))
TH34_1352_S01	RAF1	pd	KEGG_COLORECTAL_CANCER (pd_up (6/62))
TH34_1352_S01	RAF1	pd	REACTOME_NEURONAL_SYSTEM (pc_up (8/279))
TH34_1352_S01	RAF1	pd	REACTOME_TRANSMISSION_ACROSS_CHEMICAL_SYNAPSES (pc_up (6/186))
TH34_1352_S01	FGFR1	pc	REACTOME_DEVELOPMENTAL_BIOLOGY (pd_up (19/396))
TH34_1352_S01	RAF1	pd	REACTOME_DEVELOPMENTAL_BIOLOGY (pd_up (19/396))
TH34_1352_S01	RAF1	pd	BIOCARTA_INTEGRIN_PATHWAY (pd_up (6/38))
TH34_1352_S01	FGFR1	pc	KEGG_ADHERENS_JUNCTION (pc_up (5/75))
TH34_1379_S01	FGFR1	pd	REACTOME_AXON_GUIDANCE (pd_up (7/251))
TH34_1379_S01	FGFR1	pd	REACTOME_NCAM_SIGNALING_FOR_NEURITE_OUT_GROWTH (pd_up (3/64))
TH34_1379_S01	FGFR1	pd	KEGG_PATHWAYS_IN_CANCER (pd_up (6/328))
TH34_1379_S01	FGFR1	pd	REACTOME_DEVELOPMENTAL_BIOLOGY (pd_up (7/396))
TH34_1379_S01	FGFR1	pd	HALLMARK_ANGIOGENESIS (pd_up (4/36))
TH34_1381_S01	ERBB2	pd	REACTOME_AXON_GUIDANCE (comm_up (9/251) and pc_up (15/251) and pd_up (11/251))
TH34_1381_S01	ERBB2	pd	KEGG_FOCAL_ADHESION (pc_up (7/201) and pd_up (9/201))
TH34_1381_S01	HSP90B1	pc	HALLMARK_MTORC1_SIGNALING (pd_up (16/200))
TH34_1381_S01	HSP90B1	pd	HALLMARK_MTORC1_SIGNALING (pd_up (16/200))
TH34_1381_S01	HSP90B1	pc	HALLMARK_PI3K_AKT_MTOR_SIGNALING (pd_up (6/105))
TH34_1381_S01	HSP90B1	pd	HALLMARK_PI3K_AKT_MTOR_SIGNALING (pd_up (6/105))
TH34_1381_S01	ERBB2	pd	REACTOME_SEMAPHORIN_INTERACTIONS (pc_up (6/68))
TH34_1381_S01	ERBB2	pd	KEGG_PATHWAYS_IN_CANCER (comm_up (10/328) and pc_up (12/328) and pd_up (17/328))
TH34_1381_S01	HSP90B1	pc	KEGG_PATHWAYS_IN_CANCER (comm_up (10/328) and pc_up (12/328) and pd_up (17/328))
TH34_1381_S01	HSP90B1	pd	KEGG_PATHWAYS_IN_CANCER (comm_up (10/328) and pc_up (12/328) and pd_up (17/328))
TH34_1381_S01	ERBB2	pd	REACTOME_DEVELOPMENTAL_BIOLOGY (comm_up (11/396) and pc_up (18/396) and pd_up (15/396))
TH34_1381_S01	HSP90B1	pc	HALLMARK_UNFOLDED_PROTEIN_RESPONSE (pd_up (7/113))
TH34_1381_S01	HSP90B1	pd	HALLMARK_UNFOLDED_PROTEIN_RESPONSE (pd_up (7/113))
TH34_1381_S01	HSP90B1	pc	REACTOME_DIABETES_PATHWAYS (pd_up (9/133))
TH34_1381_S01	HSP90B1	pd	REACTOME_DIABETES_PATHWAYS (pd_up (9/133))
TH34_1400_S01	STAT5A	pd	BIOCARTA_GH_PATHWAY (comm_up (2/28) and pc_up (2/28) and pd_up (3/28))
TH34_1400_S01	STAT5A	pd	REACTOME_SIGNALING_BY_FGFR_IN_DISEASE (comm_up (4/127) and pc_up (4/127) and pd_up (5/127))
TH34_1400_S01	STAT5A	pd	REACTOME_SIGNALING_BY_PDGF (comm_up (4/122) and pc_up (4/122) and pd_up (5/122))
TH34_1400_S01	STAT5A	pd	BIOCARTA_PPARA_PATHWAY (pc_up (3/58) and pd_up (3/58))
TH34_1400_S01	STAT5A	pd	KEGG_JAK_STAT_SIGNALING_PATHWAY (pd_up (4/155))
TH34_1400_S01	STAT5A	pd	REACTOME_DOWNSTREAM_SIGNAL_TRANSDUCTION (comm_up (4/95) and pc_up (4/95) and pd_up (5/95))
TH34_1400_S01	STAT5A	pd	HALLMARK_ADIPOGENESIS (comm_up (14/200) and pc_up (17/200) and pd_up (28/200))
TH34_1412_S01	KDR	pc	PID_SHP2_PATHWAY (pc_up (6/58))
TH34_1412_S01	KDR	pc	KEGG_ENDOCYTOSIS (pc_up (7/183))
TH34_1414_S01	CDK4	pc	REACTOME_DEVELOPMENTAL_BIOLOGY (pc_up (9/396))
TH34_1415_S01	IL6	pc	BIOCARTA_IL10_PATHWAY (pc_up (2/17))
TH34_1415_S01	IL6	pc	NABA_MATRISOME (comm_up (12/1028) and pc_up (14/1028) and pd_up (13/1028))
TH34_1415_S01	IL6	pc	NABA_MATRISOME_ASSOCIATED (comm_up (11/753) and pc_up (13/753) and pd_up (12/753))
TH34_1415_S01	IL6	pc	HALLMARK_ALLOGRAFT_REJECTION (pc_up (4/200))
TH34_1415_S01	IL6	pc	HALLMARK_INFLAMMATORY_RESPONSE (pc_up (6/200))
TH34_1444_S01	AKT1	pd	PID_MET_PATHWAY (comm_up (4/80) and pc_up (5/80) and pd_up (14/80))
TH34_1444_S01	RAF1	pd	PID_MET_PATHWAY (comm_up (4/80) and pc_up (5/80) and pd_up (14/80))
TH34_1444_S01	PIK3R2	pd	REACTOME_CYTOKINE_SIGNALING_IN_IMMUNE_SYSTEM (comm_up (6/270) and pc_up (7/270) and pd_up (19/270))
TH34_1444_S01	RAF1	pd	REACTOME_CYTOKINE_SIGNALING_IN_IMMUNE_SYSTEM (comm_up (6/270) and pc_up (7/270) and pd_up (19/270))
TH34_1444_S01	AKT1	pd	REACTOME_NGF_SIGNALLING_VIA_TRKA_FROM_THE_PLASMA_MEMBRANE (comm_up (5/137) and pc_up (6/137) and pd_up (17/137))
TH34_1444_S01	PIK3R2	pd	REACTOME_NGF_SIGNALLING_VIA_TRKA_FROM_THE_PLASMA_MEMBRANE (comm_up (5/137) and pc_up (6/137) and pd_up (17/137))
TH34_1444_S01	RAF1	pd	REACTOME_NGF_SIGNALLING_VIA_TRKA_FROM_THE_PLASMA_MEMBRANE (comm_up (5/137) and pc_up (6/137) and pd_up (17/137))
TH34_1444_S01	TSC2	pc	REACTOME_NGF_SIGNALLING_VIA_TRKA_FROM_THE_PLASMA_MEMBRANE (comm_up (5/137) and pc_up (6/137) and pd_up (17/137))
TH34_1444_S01	TSC2	pd	REACTOME_NGF_SIGNALLING_VIA_TRKA_FROM_THE_PLASMA_MEMBRANE (comm_up (5/137) and pc_up (6/137) and pd_up (17/137))
TH34_1444_S01	AKT1	pd	REACTOME_SIGNALING_BY_EGFR_IN_CANCER (comm_up (5/109) and pc_up (5/109) and pd_up (15/109))
TH34_1444_S01	RAF1	pd	REACTOME_SIGNALING_BY_EGFR_IN_CANCER (comm_up (5/109) and pc_up (5/109) and pd_up (15/109))
TH34_1444_S01	TSC2	pc	REACTOME_SIGNALING_BY_EGFR_IN_CANCER (comm_up (5/109) and pc_up (5/109) and pd_up (15/109))
TH34_1444_S01	TSC2	pd	REACTOME_SIGNALING_BY_EGFR_IN_CANCER (comm_up (5/109) and pc_up (5/109) and pd_up (15/109))
TH34_1444_S01	AKT1	pd	REACTOME_SIGNALING_BY_PDGF (comm_up (6/122) and pc_up (6/122) and pd_up (21/122))
TH34_1444_S01	PIK3R2	pd	REACTOME_SIGNALING_BY_PDGF (comm_up (6/122) and pc_up (6/122) and pd_up (21/122))
TH34_1444_S01	RAF1	pd	REACTOME_SIGNALING_BY_PDGF (comm_up (6/122) and pc_up (6/122) and pd_up (21/122))
TH34_1444_S01	TSC2	pc	REACTOME_SIGNALING_BY_PDGF (comm_up (6/122) and pc_up (6/122) and pd_up (21/122))
TH34_1444_S01	TSC2	pd	REACTOME_SIGNALING_BY_PDGF (comm_up (6/122) and pc_up (6/122) and pd_up (21/122))
TH34_1444_S01	AKT1	pd	REACTOME_SIGNALLING_BY_NGF (comm_up (6/217) and pc_up (8/217) and pd_up (25/217))
TH34_1444_S01	PIK3R2	pd	REACTOME_SIGNALLING_BY_NGF (comm_up (6/217) and pc_up (8/217) and pd_up (25/217))
TH34_1444_S01	RAF1	pd	REACTOME_SIGNALLING_BY_NGF (comm_up (6/217) and pc_up (8/217) and pd_up (25/217))
TH34_1444_S01	TSC2	pc	REACTOME_SIGNALLING_BY_NGF (comm_up (6/217) and pc_up (8/217) and pd_up (25/217))
TH34_1444_S01	TSC2	pd	REACTOME_SIGNALLING_BY_NGF (comm_up (6/217) and pc_up (8/217) and pd_up (25/217))
TH34_1444_S01	AKT1	pd	BIOCARTA_MTOR_PATHWAY (comm_up (3/23) and pc_up (3/23) and pd_up (6/23))
TH34_1444_S01	TSC2	pc	BIOCARTA_MTOR_PATHWAY (comm_up (3/23) and pc_up (3/23) and pd_up (6/23))
TH34_1444_S01	TSC2	pd	BIOCARTA_MTOR_PATHWAY (comm_up (3/23) and pc_up (3/23) and pd_up (6/23))
TH34_1444_S01	AKT1	pd	KEGG_INSULIN_SIGNALING_PATHWAY (comm_up (4/137) and pc_up (5/137) and pd_up (14/137))
TH34_1444_S01	PIK3R2	pd	KEGG_INSULIN_SIGNALING_PATHWAY (comm_up (4/137) and pc_up (5/137) and pd_up (14/137))
TH34_1444_S01	RAF1	pd	KEGG_INSULIN_SIGNALING_PATHWAY (comm_up (4/137) and pc_up (5/137) and pd_up (14/137))
TH34_1444_S01	TSC2	pc	KEGG_INSULIN_SIGNALING_PATHWAY (comm_up (4/137) and pc_up (5/137) and pd_up (14/137))
TH34_1444_S01	TSC2	pd	KEGG_INSULIN_SIGNALING_PATHWAY (comm_up (4/137) and pc_up (5/137) and pd_up (14/137))
TH34_1444_S01	AKT1	pd	KEGG_MTOR_SIGNALING_PATHWAY (comm_up (3/52) and pc_up (3/52) and pd_up (11/52))
TH34_1444_S01	PIK3R2	pd	KEGG_MTOR_SIGNALING_PATHWAY (comm_up (3/52) and pc_up (3/52) and pd_up (11/52))
TH34_1444_S01	TSC2	pc	KEGG_MTOR_SIGNALING_PATHWAY (comm_up (3/52) and pc_up (3/52) and pd_up (11/52))
TH34_1444_S01	TSC2	pd	KEGG_MTOR_SIGNALING_PATHWAY (comm_up (3/52) and pc_up (3/52) and pd_up (11/52))
TH34_1444_S01	AKT1	pd	KEGG_NEUROTROPHIN_SIGNALING_PATHWAY (pc_up (5/126) and pd_up (13/126))
TH34_1444_S01	PIK3R2	pd	KEGG_NEUROTROPHIN_SIGNALING_PATHWAY (pc_up (5/126) and pd_up (13/126))
TH34_1444_S01	RAF1	pd	KEGG_NEUROTROPHIN_SIGNALING_PATHWAY (pc_up (5/126) and pd_up (13/126))
TH34_1444_S01	TSC2	pc	PID_LKB1_PATHWAY (comm_up (3/47) and pc_up (3/47) and pd_up (8/47))
TH34_1444_S01	TSC2	pd	PID_LKB1_PATHWAY (comm_up (3/47) and pc_up (3/47) and pd_up (8/47))
TH34_1444_S01	TSC2	pc	PID_P53_DOWNSTREAM_PATHWAY (comm_up (6/137) and pc_up (6/137) and pd_up (15/137))
TH34_1444_S01	TSC2	pd	PID_P53_DOWNSTREAM_PATHWAY (comm_up (6/137) and pc_up (6/137) and pd_up (15/137))
TH34_1444_S01	AKT1	pd	REACTOME_DOWNSTREAM_SIGNALING_OF_ACTIVATED_FGFR (comm_up (5/100) and pc_up (5/100) and pd_up (14/100))
TH34_1444_S01	RAF1	pd	REACTOME_DOWNSTREAM_SIGNALING_OF_ACTIVATED_FGFR (comm_up (5/100) and pc_up (5/100) and pd_up (14/100))
TH34_1444_S01	TSC2	pc	REACTOME_DOWNSTREAM_SIGNALING_OF_ACTIVATED_FGFR (comm_up (5/100) and pc_up (5/100) and pd_up (14/100))
TH34_1444_S01	TSC2	pd	REACTOME_DOWNSTREAM_SIGNALING_OF_ACTIVATED_FGFR (comm_up (5/100) and pc_up (5/100) and pd_up (14/100))
TH34_1444_S01	AKT1	pd	REACTOME_GAB1_SIGNALOSOME (comm_up (3/38) and pc_up (3/38) and pd_up (8/38))
TH34_1444_S01	TSC2	pc	REACTOME_GAB1_SIGNALOSOME (comm_up (3/38) and pc_up (3/38) and pd_up (8/38))
TH34_1444_S01	TSC2	pd	REACTOME_GAB1_SIGNALOSOME (comm_up (3/38) and pc_up (3/38) and pd_up (8/38))
TH34_1444_S01	AKT1	pd	REACTOME_PI3K_AKT_ACTIVATION (comm_up (3/38) and pc_up (4/38) and pd_up (9/38))
TH34_1444_S01	PIK3R2	pd	REACTOME_PI3K_AKT_ACTIVATION (comm_up (3/38) and pc_up (4/38) and pd_up (9/38))
TH34_1444_S01	TSC2	pc	REACTOME_PI3K_AKT_ACTIVATION (comm_up (3/38) and pc_up (4/38) and pd_up (9/38))
TH34_1444_S01	TSC2	pd	REACTOME_PI3K_AKT_ACTIVATION (comm_up (3/38) and pc_up (4/38) and pd_up (9/38))
TH34_1444_S01	AKT1	pd	REACTOME_PI3K_EVENTS_IN_ERBB2_SIGNALING (comm_up (3/44) and pc_up (3/44) and pd_up (8/44))
TH34_1444_S01	TSC2	pc	REACTOME_PI3K_EVENTS_IN_ERBB2_SIGNALING (comm_up (3/44) and pc_up (3/44) and pd_up (8/44))
TH34_1444_S01	TSC2	pd	REACTOME_PI3K_EVENTS_IN_ERBB2_SIGNALING (comm_up (3/44) and pc_up (3/44) and pd_up (8/44))
TH34_1444_S01	AKT1	pd	REACTOME_PI3K_EVENTS_IN_ERBB4_SIGNALING (comm_up (3/38) and pc_up (3/38) and pd_up (8/38))
TH34_1444_S01	TSC2	pc	REACTOME_PI3K_EVENTS_IN_ERBB4_SIGNALING (comm_up (3/38) and pc_up (3/38) and pd_up (8/38))
TH34_1444_S01	TSC2	pd	REACTOME_PI3K_EVENTS_IN_ERBB4_SIGNALING (comm_up (3/38) and pc_up (3/38) and pd_up (8/38))
TH34_1444_S01	AKT1	pd	REACTOME_PIP3_ACTIVATES_AKT_SIGNALING (comm_up (3/29) and pc_up (3/29) and pd_up (8/29))
TH34_1444_S01	TSC2	pc	REACTOME_PIP3_ACTIVATES_AKT_SIGNALING (comm_up (3/29) and pc_up (3/29) and pd_up (8/29))
TH34_1444_S01	TSC2	pd	REACTOME_PIP3_ACTIVATES_AKT_SIGNALING (comm_up (3/29) and pc_up (3/29) and pd_up (8/29))
TH34_1444_S01	AKT1	pd	REACTOME_SIGNALING_BY_ERBB2 (comm_up (5/101) and pc_up (5/101) and pd_up (14/101))
TH34_1444_S01	RAF1	pd	REACTOME_SIGNALING_BY_ERBB2 (comm_up (5/101) and pc_up (5/101) and pd_up (14/101))
TH34_1444_S01	TSC2	pc	REACTOME_SIGNALING_BY_ERBB2 (comm_up (5/101) and pc_up (5/101) and pd_up (14/101))
TH34_1444_S01	TSC2	pd	REACTOME_SIGNALING_BY_ERBB2 (comm_up (5/101) and pc_up (5/101) and pd_up (14/101))
TH34_1444_S01	AKT1	pd	REACTOME_SIGNALING_BY_ERBB4 (comm_up (5/90) and pc_up (5/90) and pd_up (13/90))
TH34_1444_S01	RAF1	pd	REACTOME_SIGNALING_BY_ERBB4 (comm_up (5/90) and pc_up (5/90) and pd_up (13/90))
TH34_1444_S01	TSC2	pc	REACTOME_SIGNALING_BY_ERBB4 (comm_up (5/90) and pc_up (5/90) and pd_up (13/90))
TH34_1444_S01	TSC2	pd	REACTOME_SIGNALING_BY_ERBB4 (comm_up (5/90) and pc_up (5/90) and pd_up (13/90))
TH34_1444_S01	AKT1	pd	REACTOME_SIGNALING_BY_FGFR (comm_up (5/112) and pc_up (5/112) and pd_up (14/112))
TH34_1444_S01	RAF1	pd	REACTOME_SIGNALING_BY_FGFR (comm_up (5/112) and pc_up (5/112) and pd_up (14/112))
TH34_1444_S01	TSC2	pc	REACTOME_SIGNALING_BY_FGFR (comm_up (5/112) and pc_up (5/112) and pd_up (14/112))
TH34_1444_S01	TSC2	pd	REACTOME_SIGNALING_BY_FGFR (comm_up (5/112) and pc_up (5/112) and pd_up (14/112))
TH34_1444_S01	AKT1	pd	REACTOME_SIGNALING_BY_FGFR_IN_DISEASE (comm_up (5/127) and pc_up (5/127) and pd_up (16/127))
TH34_1444_S01	RAF1	pd	REACTOME_SIGNALING_BY_FGFR_IN_DISEASE (comm_up (5/127) and pc_up (5/127) and pd_up (16/127))
TH34_1444_S01	TSC2	pc	REACTOME_SIGNALING_BY_FGFR_IN_DISEASE (comm_up (5/127) and pc_up (5/127) and pd_up (16/127))
TH34_1444_S01	TSC2	pd	REACTOME_SIGNALING_BY_FGFR_IN_DISEASE (comm_up (5/127) and pc_up (5/127) and pd_up (16/127))
TH34_1444_S01	AKT1	pd	REACTOME_SIGNALING_BY_SCF_KIT (comm_up (5/78) and pc_up (5/78) and pd_up (13/78))
TH34_1444_S01	KIT	pc	REACTOME_SIGNALING_BY_SCF_KIT (comm_up (5/78) and pc_up (5/78) and pd_up (13/78))
TH34_1444_S01	KIT	pd	REACTOME_SIGNALING_BY_SCF_KIT (comm_up (5/78) and pc_up (5/78) and pd_up (13/78))
TH34_1444_S01	PIK3R2	pd	REACTOME_SIGNALING_BY_SCF_KIT (comm_up (5/78) and pc_up (5/78) and pd_up (13/78))
TH34_1444_S01	RAF1	pd	REACTOME_SIGNALING_BY_SCF_KIT (comm_up (5/78) and pc_up (5/78) and pd_up (13/78))
TH34_1444_S01	TSC2	pc	REACTOME_SIGNALING_BY_SCF_KIT (comm_up (5/78) and pc_up (5/78) and pd_up (13/78))
TH34_1444_S01	TSC2	pd	REACTOME_SIGNALING_BY_SCF_KIT (comm_up (5/78) and pc_up (5/78) and pd_up (13/78))
TH34_1444_S01	AKT1	pd	REACTOME_SIGNALING_BY_THE_B_CELL_RECEPTOR_BCR (comm_up (4/126) and pd_up (14/126))
TH34_1444_S01	TSC2	pc	REACTOME_SIGNALING_BY_THE_B_CELL_RECEPTOR_BCR (comm_up (4/126) and pd_up (14/126))
TH34_1444_S01	TSC2	pd	REACTOME_SIGNALING_BY_THE_B_CELL_RECEPTOR_BCR (comm_up (4/126) and pd_up (14/126))
TH34_1444_S01	AKT1	pd	SIG_BCR_SIGNALING_PATHWAY (comm_up (3/46) and pc_up (4/46) and pd_up (8/46))
TH34_1444_S01	RAF1	pd	SIG_BCR_SIGNALING_PATHWAY (comm_up (3/46) and pc_up (4/46) and pd_up (8/46))
TH34_1444_S01	AKT1	pd	SIG_IL4RECEPTOR_IN_B_LYPHOCYTES (comm_up (3/27) and pc_up (4/27) and pd_up (7/27))
TH34_1444_S01	RAF1	pd	SIG_IL4RECEPTOR_IN_B_LYPHOCYTES (comm_up (3/27) and pc_up (4/27) and pd_up (7/27))
TH34_1444_S01	AKT1	pd	ST_PHOSPHOINOSITIDE_3_KINASE_PATHWAY (comm_up (3/37) and pc_up (3/37) and pd_up (7/37))
TH34_1444_S01	AKT1	pd	KEGG_FC_GAMMA_R_MEDIATED_PHAGOCYTOSIS (pc_up (4/97) and pd_up (11/97))
TH34_1444_S01	PIK3R2	pd	KEGG_FC_GAMMA_R_MEDIATED_PHAGOCYTOSIS (pc_up (4/97) and pd_up (11/97))
TH34_1444_S01	RAF1	pd	KEGG_FC_GAMMA_R_MEDIATED_PHAGOCYTOSIS (pc_up (4/97) and pd_up (11/97))
TH34_1444_S01	AKT1	pd	KEGG_FOCAL_ADHESION (pd_up (19/201))
TH34_1444_S01	PIK3R2	pd	KEGG_FOCAL_ADHESION (pd_up (19/201))
TH34_1444_S01	RAF1	pd	KEGG_FOCAL_ADHESION (pd_up (19/201))
TH34_1444_S01	AKT1	pd	KEGG_JAK_STAT_SIGNALING_PATHWAY (comm_up (6/155) and pc_up (8/155))
TH34_1444_S01	PIK3R2	pd	KEGG_JAK_STAT_SIGNALING_PATHWAY (comm_up (6/155) and pc_up (8/155))
TH34_1444_S01	AKT1	pd	PID_ERBB1_DOWNSTREAM_PATHWAY (pc_up (4/105))
TH34_1444_S01	PIK3R2	pd	PID_ERBB1_DOWNSTREAM_PATHWAY (pc_up (4/105))
TH34_1444_S01	RAF1	pd	PID_ERBB1_DOWNSTREAM_PATHWAY (pc_up (4/105))
TH34_1444_S01	AKT1	pd	PID_IFNG_PATHWAY (pc_up (3/40) and pd_up (7/40))
TH34_1444_S01	AKT1	pd	PID_KIT_PATHWAY (pc_up (3/52) and pd_up (8/52))
TH34_1444_S01	KIT	pc	PID_KIT_PATHWAY (pc_up (3/52) and pd_up (8/52))
TH34_1444_S01	KIT	pd	PID_KIT_PATHWAY (pc_up (3/52) and pd_up (8/52))
TH34_1444_S01	RAF1	pd	PID_KIT_PATHWAY (pc_up (3/52) and pd_up (8/52))
TH34_1444_S01	TSC2	pc	PID_MYC_REPRESS_PATHWAY (comm_up (4/63) and pc_up (4/63))
TH34_1444_S01	TSC2	pd	PID_MYC_REPRESS_PATHWAY (comm_up (4/63) and pc_up (4/63))
TH34_1444_S01	PIK3R2	pd	PID_PDGFRB_PATHWAY (pd_up (13/129))
TH34_1444_S01	RAF1	pd	PID_PDGFRB_PATHWAY (pd_up (13/129))
TH34_1444_S01	RAF1	pd	REACTOME_AXON_GUIDANCE (pd_up (18/251))
TH34_1444_S01	AKT1	pd	REACTOME_DOWNSTREAM_SIGNALING_EVENTS_OF_B_CELL_RECEPTOR_BCR (pd_up (12/97))
TH34_1444_S01	TSC2	pc	REACTOME_DOWNSTREAM_SIGNALING_EVENTS_OF_B_CELL_RECEPTOR_BCR (pd_up (12/97))
TH34_1444_S01	TSC2	pd	REACTOME_DOWNSTREAM_SIGNALING_EVENTS_OF_B_CELL_RECEPTOR_BCR (pd_up (12/97))
TH34_1444_S01	AKT1	pd	REACTOME_PI_3K_CASCADE (comm_up (3/56) and pd_up (8/56))
TH34_1444_S01	TSC2	pc	REACTOME_PI_3K_CASCADE (comm_up (3/56) and pd_up (8/56))
TH34_1444_S01	TSC2	pd	REACTOME_PI_3K_CASCADE (comm_up (3/56) and pd_up (8/56))
TH34_1444_S01	AKT1	pd	SIG_CHEMOTAXIS (comm_up (3/45) and pc_up (3/45))
TH34_1444_S01	AKT1	pd	ST_B_CELL_ANTIGEN_RECEPTOR (comm_up (3/40) and pc_up (3/40))
TH34_1444_S01	RAF1	pd	ST_B_CELL_ANTIGEN_RECEPTOR (comm_up (3/40) and pc_up (3/40))
TH34_1444_S01	AKT1	pd	ST_INTERLEUKIN_4_PATHWAY (comm_up (3/26) and pc_up (3/26))
TH34_1444_S01	RAF1	pd	BIOCARTA_CXCR4_PATHWAY (pd_up (7/24))
TH34_1444_S01	RAF1	pd	BIOCARTA_MAPK_PATHWAY (pd_up (10/87))
TH34_1444_S01	RAF1	pd	BIOCARTA_MET_PATHWAY (pd_up (7/37))
TH34_1444_S01	AKT1	pd	BIOCARTA_PTEN_PATHWAY (pd_up (6/18))
TH34_1444_S01	AKT1	pd	KEGG_CHEMOKINE_SIGNALING_PATHWAY (pd_up (14/190))
TH34_1444_S01	PIK3R2	pd	KEGG_CHEMOKINE_SIGNALING_PATHWAY (pd_up (14/190))
TH34_1444_S01	RAF1	pd	KEGG_CHEMOKINE_SIGNALING_PATHWAY (pd_up (14/190))
TH34_1444_S01	AKT1	pd	KEGG_ERBB_SIGNALING_PATHWAY (pd_up (11/87))
TH34_1444_S01	PIK3R2	pd	KEGG_ERBB_SIGNALING_PATHWAY (pd_up (11/87))
TH34_1444_S01	RAF1	pd	KEGG_ERBB_SIGNALING_PATHWAY (pd_up (11/87))
TH34_1444_S01	AKT1	pd	KEGG_FC_EPSILON_RI_SIGNALING_PATHWAY (pd_up (10/79))
TH34_1444_S01	PIK3R2	pd	KEGG_FC_EPSILON_RI_SIGNALING_PATHWAY (pd_up (10/79))
TH34_1444_S01	RAF1	pd	KEGG_FC_EPSILON_RI_SIGNALING_PATHWAY (pd_up (10/79))
TH34_1444_S01	RAF1	pd	KEGG_GNRH_SIGNALING_PATHWAY (pc_up (4/101))
TH34_1444_S01	AKT1	pd	KEGG_MAPK_SIGNALING_PATHWAY (pd_up (16/267))
TH34_1444_S01	RAF1	pd	KEGG_MAPK_SIGNALING_PATHWAY (pd_up (16/267))
TH34_1444_S01	AKT1	pd	KEGG_VEGF_SIGNALING_PATHWAY (pd_up (9/76))
TH34_1444_S01	PIK3R2	pd	KEGG_VEGF_SIGNALING_PATHWAY (pd_up (9/76))
TH34_1444_S01	RAF1	pd	KEGG_VEGF_SIGNALING_PATHWAY (pd_up (9/76))
TH34_1444_S01	AKT1	pd	PID_AR_NONGENOMIC_PATHWAY (pd_up (7/31))
TH34_1444_S01	RAF1	pd	PID_AR_NONGENOMIC_PATHWAY (pd_up (7/31))
TH34_1444_S01	AKT1	pd	PID_CERAMIDE_PATHWAY (pd_up (8/48))
TH34_1444_S01	RAF1	pd	PID_CERAMIDE_PATHWAY (pd_up (8/48))
TH34_1444_S01	RAF1	pd	PID_FAK_PATHWAY (pd_up (11/59))
TH34_1444_S01	AKT1	pd	PID_FCER1_PATHWAY (pd_up (10/62))
TH34_1444_S01	RAF1	pd	PID_FCER1_PATHWAY (pd_up (10/62))
TH34_1444_S01	AKT1	pd	PID_HNF3B_PATHWAY (pc_up (3/45))
TH34_1444_S01	AKT1	pd	PID_IGF1_PATHWAY (pd_up (7/30))
TH34_1444_S01	RAF1	pd	PID_IGF1_PATHWAY (pd_up (7/30))
TH34_1444_S01	AKT1	pd	PID_INSULIN_PATHWAY (pc_up (3/45))
TH34_1444_S01	AKT1	pd	PID_P53_REGULATION_PATHWAY (pd_up (9/59))
TH34_1444_S01	AKT1	pd	PID_REG_GR_PATHWAY (pd_up (12/82))
TH34_1444_S01	AKT1	pd	PID_SMAD2_3NUCLEAR_PATHWAY (pd_up (13/82))
TH34_1444_S01	AKT1	pd	PID_VEGFR1_2_PATHWAY (pd_up (10/69))
TH34_1444_S01	RAF1	pd	PID_VEGFR1_2_PATHWAY (pd_up (10/69))
TH34_1444_S01	RAF1	pd	REACTOME_NCAM_SIGNALING_FOR_NEURITE_OUT_GROWTH (comm_up (3/64))
TH34_1444_S01	PIK3R2	pd	REACTOME_SIGNALING_BY_INSULIN_RECEPTOR (pc_up (4/108))
TH34_1444_S01	RAF1	pd	REACTOME_SIGNALING_BY_INSULIN_RECEPTOR (pc_up (4/108))
TH34_1444_S01	TSC2	pc	REACTOME_SIGNALING_BY_INSULIN_RECEPTOR (pc_up (4/108))
TH34_1444_S01	TSC2	pd	REACTOME_SIGNALING_BY_INSULIN_RECEPTOR (pc_up (4/108))
TH34_1444_S01	PIK3R2	pd	REACTOME_SIGNALING_BY_RHO_GTPASES (pd_up (11/113))
TH34_1444_S01	RAF1	pd	REACTOME_SOS_MEDIATED_SIGNALLING (pc_up (2/14))
TH34_1444_S01	AKT1	pd	SA_PTEN_PATHWAY (comm_up (2/17))
TH34_1444_S01	AKT1	pd	SA_TRKA_RECEPTOR (comm_up (2/17))
TH34_1444_S01	AKT1	pd	ST_INTEGRIN_SIGNALING_PATHWAY (pd_up (13/82))
TH34_1444_S01	RAF1	pd	ST_INTEGRIN_SIGNALING_PATHWAY (pd_up (13/82))
TH34_1444_S01	AKT1	pd	KEGG_PATHWAYS_IN_CANCER (comm_up (9/328) and pc_up (9/328) and pd_up (31/328))
TH34_1444_S01	KIT	pc	KEGG_PATHWAYS_IN_CANCER (comm_up (9/328) and pc_up (9/328) and pd_up (31/328))
TH34_1444_S01	KIT	pd	KEGG_PATHWAYS_IN_CANCER (comm_up (9/328) and pc_up (9/328) and pd_up (31/328))
TH34_1444_S01	PIK3R2	pd	KEGG_PATHWAYS_IN_CANCER (comm_up (9/328) and pc_up (9/328) and pd_up (31/328))
TH34_1444_S01	RAF1	pd	KEGG_PATHWAYS_IN_CANCER (comm_up (9/328) and pc_up (9/328) and pd_up (31/328))
TH34_1444_S01	AKT1	pd	KEGG_ACUTE_MYELOID_LEUKEMIA (comm_up (4/60) and pc_up (4/60) and pd_up (13/60))
TH34_1444_S01	KIT	pc	KEGG_ACUTE_MYELOID_LEUKEMIA (comm_up (4/60) and pc_up (4/60) and pd_up (13/60))
TH34_1444_S01	KIT	pd	KEGG_ACUTE_MYELOID_LEUKEMIA (comm_up (4/60) and pc_up (4/60) and pd_up (13/60))
TH34_1444_S01	PIK3R2	pd	KEGG_ACUTE_MYELOID_LEUKEMIA (comm_up (4/60) and pc_up (4/60) and pd_up (13/60))
TH34_1444_S01	RAF1	pd	KEGG_ACUTE_MYELOID_LEUKEMIA (comm_up (4/60) and pc_up (4/60) and pd_up (13/60))
TH34_1444_S01	AKT1	pd	KEGG_ENDOMETRIAL_CANCER (comm_up (3/52) and pc_up (3/52) and pd_up (10/52))
TH34_1444_S01	PIK3R2	pd	KEGG_ENDOMETRIAL_CANCER (comm_up (3/52) and pc_up (3/52) and pd_up (10/52))
TH34_1444_S01	RAF1	pd	KEGG_ENDOMETRIAL_CANCER (comm_up (3/52) and pc_up (3/52) and pd_up (10/52))
TH34_1444_S01	AKT1	pd	KEGG_PROSTATE_CANCER (comm_up (4/89) and pc_up (4/89) and pd_up (15/89))
TH34_1444_S01	PIK3R2	pd	KEGG_PROSTATE_CANCER (comm_up (4/89) and pc_up (4/89) and pd_up (15/89))
TH34_1444_S01	RAF1	pd	KEGG_PROSTATE_CANCER (comm_up (4/89) and pc_up (4/89) and pd_up (15/89))
TH34_1444_S01	AKT1	pd	REACTOME_DOWNSTREAM_SIGNAL_TRANSDUCTION (comm_up (5/95) and pc_up (5/95) and pd_up (16/95))
TH34_1444_S01	PIK3R2	pd	REACTOME_DOWNSTREAM_SIGNAL_TRANSDUCTION (comm_up (5/95) and pc_up (5/95) and pd_up (16/95))
TH34_1444_S01	RAF1	pd	REACTOME_DOWNSTREAM_SIGNAL_TRANSDUCTION (comm_up (5/95) and pc_up (5/95) and pd_up (16/95))
TH34_1444_S01	TSC2	pc	REACTOME_DOWNSTREAM_SIGNAL_TRANSDUCTION (comm_up (5/95) and pc_up (5/95) and pd_up (16/95))
TH34_1444_S01	TSC2	pd	REACTOME_DOWNSTREAM_SIGNAL_TRANSDUCTION (comm_up (5/95) and pc_up (5/95) and pd_up (16/95))
TH34_1444_S01	AKT1	pd	REACTOME_HEMOSTASIS (comm_up (7/466) and pc_up (9/466))
TH34_1444_S01	PIK3R2	pd	REACTOME_HEMOSTASIS (comm_up (7/466) and pc_up (9/466))
TH34_1444_S01	RAF1	pd	REACTOME_HEMOSTASIS (comm_up (7/466) and pc_up (9/466))
TH34_1444_S01	AKT1	pd	REACTOME_IMMUNE_SYSTEM (pc_up (14/933) and pd_up (48/933))
TH34_1444_S01	PIK3R2	pd	REACTOME_IMMUNE_SYSTEM (pc_up (14/933) and pd_up (48/933))
TH34_1444_S01	RAF1	pd	REACTOME_IMMUNE_SYSTEM (pc_up (14/933) and pd_up (48/933))
TH34_1444_S01	TSC2	pc	REACTOME_IMMUNE_SYSTEM (pc_up (14/933) and pd_up (48/933))
TH34_1444_S01	TSC2	pd	REACTOME_IMMUNE_SYSTEM (pc_up (14/933) and pd_up (48/933))
TH34_1444_S01	AKT1	pd	SIG_INSULIN_RECEPTOR_PATHWAY_IN_CARDIAC_MYOCYTES (comm_up (3/51) and pc_up (4/51) and pd_up (10/51))
TH34_1444_S01	RAF1	pd	SIG_INSULIN_RECEPTOR_PATHWAY_IN_CARDIAC_MYOCYTES (comm_up (3/51) and pc_up (4/51) and pd_up (10/51))
TH34_1444_S01	AKT1	pd	KEGG_COLORECTAL_CANCER (comm_up (3/62) and pd_up (10/62))
TH34_1444_S01	PIK3R2	pd	KEGG_COLORECTAL_CANCER (comm_up (3/62) and pd_up (10/62))
TH34_1444_S01	RAF1	pd	KEGG_COLORECTAL_CANCER (comm_up (3/62) and pd_up (10/62))
TH34_1444_S01	AKT1	pd	PID_LYMPH_ANGIOGENESIS_PATHWAY (comm_up (3/25) and pc_up (3/25))
TH34_1444_S01	AKT1	pd	REACTOME_ADAPTIVE_IMMUNE_SYSTEM (pd_up (32/539))
TH34_1444_S01	PIK3R2	pd	REACTOME_ADAPTIVE_IMMUNE_SYSTEM (pd_up (32/539))
TH34_1444_S01	RAF1	pd	REACTOME_ADAPTIVE_IMMUNE_SYSTEM (pd_up (32/539))
TH34_1444_S01	TSC2	pc	REACTOME_ADAPTIVE_IMMUNE_SYSTEM (pd_up (32/539))
TH34_1444_S01	TSC2	pd	REACTOME_ADAPTIVE_IMMUNE_SYSTEM (pd_up (32/539))
TH34_1444_S01	RAF1	pd	BIOCARTA_KERATINOCYTE_PATHWAY (pd_up (8/46))
TH34_1444_S01	AKT1	pd	KEGG_CHRONIC_MYELOID_LEUKEMIA (pd_up (11/73))
TH34_1444_S01	PIK3R2	pd	KEGG_CHRONIC_MYELOID_LEUKEMIA (pd_up (11/73))
TH34_1444_S01	RAF1	pd	KEGG_CHRONIC_MYELOID_LEUKEMIA (pd_up (11/73))
TH34_1444_S01	AKT1	pd	KEGG_GLIOMA (pd_up (9/65))
TH34_1444_S01	PIK3R2	pd	KEGG_GLIOMA (pd_up (9/65))
TH34_1444_S01	RAF1	pd	KEGG_GLIOMA (pd_up (9/65))
TH34_1444_S01	KIT	pc	KEGG_HEMATOPOIETIC_CELL_LINEAGE (pc_up (4/88))
TH34_1444_S01	KIT	pd	KEGG_HEMATOPOIETIC_CELL_LINEAGE (pc_up (4/88))
TH34_1444_S01	AKT1	pd	KEGG_NON_SMALL_CELL_LUNG_CANCER (pd_up (8/54))
TH34_1444_S01	PIK3R2	pd	KEGG_NON_SMALL_CELL_LUNG_CANCER (pd_up (8/54))
TH34_1444_S01	RAF1	pd	KEGG_NON_SMALL_CELL_LUNG_CANCER (pd_up (8/54))
TH34_1444_S01	AKT1	pd	KEGG_PANCREATIC_CANCER (pd_up (11/70))
TH34_1444_S01	PIK3R2	pd	KEGG_PANCREATIC_CANCER (pd_up (11/70))
TH34_1444_S01	RAF1	pd	KEGG_PANCREATIC_CANCER (pd_up (11/70))
TH34_1444_S01	AKT1	pd	KEGG_RENAL_CELL_CARCINOMA (pd_up (11/70))
TH34_1444_S01	PIK3R2	pd	KEGG_RENAL_CELL_CARCINOMA (pd_up (11/70))
TH34_1444_S01	RAF1	pd	KEGG_RENAL_CELL_CARCINOMA (pd_up (11/70))
TH34_1444_S01	AKT1	pd	KEGG_SMALL_CELL_LUNG_CANCER (pd_up (13/84))
TH34_1444_S01	PIK3R2	pd	KEGG_SMALL_CELL_LUNG_CANCER (pd_up (13/84))
TH34_1444_S01	AKT1	pd	PID_ENDOTHELIN_PATHWAY (pd_up (9/63))
TH34_1444_S01	RAF1	pd	PID_ENDOTHELIN_PATHWAY (pd_up (9/63))
TH34_1444_S01	PIK3R2	pd	REACTOME_INSULIN_RECEPTOR_SIGNALLING_CASCADE (pc_up (4/87))
TH34_1444_S01	RAF1	pd	REACTOME_INSULIN_RECEPTOR_SIGNALLING_CASCADE (pc_up (4/87))
TH34_1444_S01	TSC2	pc	REACTOME_INSULIN_RECEPTOR_SIGNALLING_CASCADE (pc_up (4/87))
TH34_1444_S01	TSC2	pd	REACTOME_INSULIN_RECEPTOR_SIGNALLING_CASCADE (pc_up (4/87))
TH34_1444_S01	PIK3R2	pd	REACTOME_PI_METABOLISM (pc_up (3/48))
TH34_1444_S01	AKT1	pd	REACTOME_DEVELOPMENTAL_BIOLOGY (comm_up (8/396) and pc_up (9/396) and pd_up (31/396))
TH34_1444_S01	RAF1	pd	REACTOME_DEVELOPMENTAL_BIOLOGY (comm_up (8/396) and pc_up (9/396) and pd_up (31/396))
TH34_1444_S01	AKT1	pd	REACTOME_PLATELET_ACTIVATION_SIGNALING_AND_AGGREGATION (comm_up (5/208) and pc_up (6/208))
TH34_1444_S01	PIK3R2	pd	REACTOME_PLATELET_ACTIVATION_SIGNALING_AND_AGGREGATION (comm_up (5/208) and pc_up (6/208))
TH34_1444_S01	RAF1	pd	REACTOME_PLATELET_ACTIVATION_SIGNALING_AND_AGGREGATION (comm_up (5/208) and pc_up (6/208))
TH34_1444_S01	AKT1	pd	SIG_PIP3_SIGNALING_IN_CARDIAC_MYOCTES (comm_up (6/67) and pc_up (7/67) and pd_up (12/67))
TH34_1444_S01	TSC2	pc	SIG_PIP3_SIGNALING_IN_CARDIAC_MYOCTES (comm_up (6/67) and pc_up (7/67) and pd_up (12/67))
TH34_1444_S01	TSC2	pd	SIG_PIP3_SIGNALING_IN_CARDIAC_MYOCTES (comm_up (6/67) and pc_up (7/67) and pd_up (12/67))
TH34_1444_S01	KIT	pc	KEGG_MELANOGENESIS (comm_up (4/102) and pc_up (4/102))
TH34_1444_S01	KIT	pd	KEGG_MELANOGENESIS (comm_up (4/102) and pc_up (4/102))
TH34_1444_S01	RAF1	pd	KEGG_MELANOGENESIS (comm_up (4/102) and pc_up (4/102))
TH34_1444_S01	AKT1	pd	BIOCARTA_GLEEVEC_PATHWAY (pd_up (6/23))
TH34_1444_S01	RAF1	pd	BIOCARTA_GLEEVEC_PATHWAY (pd_up (6/23))
TH34_1444_S01	RAF1	pd	BIOCARTA_INTEGRIN_PATHWAY (pd_up (8/38))
TH34_1444_S01	KIT	pc	HALLMARK_UV_RESPONSE_DN (pc_up (6/144))
TH34_1444_S01	KIT	pd	HALLMARK_UV_RESPONSE_DN (pc_up (6/144))
TH34_1444_S01	AKT1	pd	KEGG_PROGESTERONE_MEDIATED_OOCYTE_MATURATION (pd_up (10/86))
TH34_1444_S01	PIK3R2	pd	KEGG_PROGESTERONE_MEDIATED_OOCYTE_MATURATION (pd_up (10/86))
TH34_1444_S01	RAF1	pd	KEGG_PROGESTERONE_MEDIATED_OOCYTE_MATURATION (pd_up (10/86))
TH34_1444_S01	PIK3R2	pd	REACTOME_METABOLISM_OF_LIPIDS_AND_LIPOPROTEINS (pc_up (9/478))
TH34_1444_S01	PIK3R2	pd	REACTOME_PHOSPHOLIPID_METABOLISM (pc_up (7/198))
TH34_1444_S01	PIK3R2	pd	REACTOME_SYNTHESIS_OF_PIPS_AT_THE_PLASMA_MEMBRANE (pc_up (3/31))
TH34_1447_S01	CCNE1	pd	REACTOME_P53_DEPENDENT_G1_DNA_DAMAGE_RESPONSE (comm_up (3/57) and pd_up (11/57))
TH34_1447_S01	CCNE1	pd	HALLMARK_E2F_TARGETS (pd_up (11/200))
TH34_1447_S01	CCNE1	pd	REACTOME_MITOTIC_G1_G1_S_PHASES (pd_up (11/137))
TH34_1447_S01	CCNE1	pd	REACTOME_S_PHASE (pd_up (11/109))
TH34_1447_S01	PARP1	pd	KEGG_BASE_EXCISION_REPAIR (pd_up (4/35))
TH34_1447_S01	PARP1	pd	PID_HES_HEY_PATHWAY (pd_up (4/48))
TH34_1447_S01	CCNE1	pd	REACTOME_CELL_CYCLE (pd_up (15/421))
TH34_1447_S01	CCNE1	pd	REACTOME_CELL_CYCLE_MITOTIC (pd_up (14/325))
TH34_1447_S01	PARP1	pd	BIOCARTA_HIVNEF_PATHWAY (comm_up (4/58) and pc_up (4/58) and pd_up (5/58))
TH34_1447_S01	CCNE1	pd	HALLMARK_UV_RESPONSE_UP (comm_up (4/158) and pd_up (7/158))
TH34_1452_S01	PIK3R2	pc	PID_ERBB1_DOWNSTREAM_PATHWAY (pc_up (6/105))
TH34_1452_S01	TSC2	pc	PID_LKB1_PATHWAY (pc_up (6/47))
TH34_1452_S01	PIK3R2	pc	KEGG_FC_GAMMA_R_MEDIATED_PHAGOCYTOSIS (pc_up (7/97))
TH34_1452_S01	PIK3R2	pc	REACTOME_SIGNALING_BY_INSULIN_RECEPTOR (pc_up (6/108))
TH34_1452_S01	TSC2	pc	REACTOME_SIGNALING_BY_INSULIN_RECEPTOR (pc_up (6/108))
TH34_1452_S01	PIK3R2	pc	KEGG_ENDOMETRIAL_CANCER (pc_up (6/52))
TH34_1452_S01	PIK3R2	pc	KEGG_PHOSPHATIDYLINOSITOL_SIGNALING_SYSTEM (pc_up (5/76))
TH34_1452_S01	PIK3R2	pc	REACTOME_INSULIN_RECEPTOR_SIGNALLING_CASCADE (pc_up (6/87))
TH34_1452_S01	TSC2	pc	REACTOME_INSULIN_RECEPTOR_SIGNALLING_CASCADE (pc_up (6/87))
TH34_1452_S01	PIK3R2	pc	REACTOME_PHOSPHOLIPID_METABOLISM (pc_up (8/198))
TH34_1455_S01	HSP90AA1	pd	REACTOME_LOSS_OF_NLP_FROM_MITOTIC_CENTROSOMES (comm_up (6/59) and pc_up (6/59) and pd_up (8/59))
TH34_1455_S01	HSP90AA1	pd	REACTOME_MITOTIC_G2_G2_M_PHASES (comm_up (7/81) and pc_up (7/81) and pd_up (10/81))
TH34_1455_S01	HSP90AA1	pd	PID_AVB3_INTEGRIN_PATHWAY (pd_up (6/75))
TH34_1455_S01	ERBB2	pd	REACTOME_DOWNREGULATION_OF_ERBB2_ERBB3_SIGNALING (pd_up (3/12))
TH34_1455_S01	HSP90AA1	pd	REACTOME_CELL_CYCLE (pd_up (19/421))
TH34_1455_S01	HSP90AA1	pd	REACTOME_CELL_CYCLE_MITOTIC (pd_up (14/325))
TH34_1455_S01	HSP90AA1	pd	HALLMARK_FATTY_ACID_METABOLISM (pd_up (9/158))
TH34_1455_S01	HSP90AA1	pd	REACTOME_RECRUITMENT_OF_MITOTIC_CENTROSOME_PROTEINS_AND_COMPLEXES (comm_up (6/66) and pd_up (8/66))
TH34_1455_S01	ERBB2	pd	KEGG_ADHERENS_JUNCTION (pd_up (6/75))
TH34_1456_S02	KDR	pc	KEGG_FOCAL_ADHESION (pd_up (13/201))
TH34_1456_S02	KDR	pd	KEGG_FOCAL_ADHESION (pd_up (13/201))
TH34_1456_S02	KDR	pc	PID_S1P_S1P1_PATHWAY (pd_up (3/21))
TH34_1456_S02	KDR	pd	PID_S1P_S1P1_PATHWAY (pd_up (3/21))
TH34_1456_S02	KDR	pc	PID_VEGFR1_2_PATHWAY (pd_up (5/69))
TH34_1456_S02	KDR	pd	PID_VEGFR1_2_PATHWAY (pd_up (5/69))
TH34_1456_S02	KDR	pc	KEGG_ENDOCYTOSIS (pd_up (7/183))
TH34_1456_S02	KDR	pd	KEGG_ENDOCYTOSIS (pd_up (7/183))
TH34_2292_S01	VEGFA	pc	HALLMARK_TNFA_SIGNALING_VIA_NFKB (pc_up (5/200))
TH34_2292_S01	HMOX1	pc	PID_HIF1_TFPATHWAY (pc_up (4/66))
TH34_2292_S01	VEGFA	pc	PID_HIF1_TFPATHWAY (pc_up (4/66))
TH34_2292_S01	FLT4	pc	KEGG_CYTOKINE_CYTOKINE_RECEPTOR_INTERACTION (pc_up (7/267))
TH34_2292_S01	VEGFA	pc	KEGG_CYTOKINE_CYTOKINE_RECEPTOR_INTERACTION (pc_up (7/267))
TH34_2292_S01	VEGFA	pc	REACTOME_HEMOSTASIS (pc_up (8/466))
TH34_2292_S01	VEGFA	pc	NABA_MATRISOME (pc_up (15/1028))
TH34_2292_S01	VEGFA	pc	NABA_MATRISOME_ASSOCIATED (pc_up (11/753))
TH34_2292_S01	HMOX1	pc	HALLMARK_HYPOXIA (pc_up (6/200))
TH34_2292_S01	VEGFA	pc	HALLMARK_HYPOXIA (pc_up (6/200))
TH34_2292_S01	HMOX1	pc	HALLMARK_UV_RESPONSE_UP (pc_up (5/158))
TH34_2292_S01	VEGFA	pc	NABA_SECRETED_FACTORS (pc_up (6/344))
TH34_2293_S01	IGF2	pc	NABA_MATRISOME (comm_up (16/1028) and pc_up (29/1028) and pd_up (23/1028))
TH34_2293_S01	IGF2	pc	NABA_MATRISOME_ASSOCIATED (comm_up (12/753) and pc_up (20/753) and pd_up (17/753))
TH34_2351_S01	HMOX1	pd	HALLMARK_P53_PATHWAY (pd_up (6/200))
TH34_2351_S01	HMOX1	pd	HALLMARK_IL6_JAK_STAT3_SIGNALING (pd_up (4/87))
TH34_2351_S01	IGF2	pc	HALLMARK_KRAS_SIGNALING_UP (pd_up (7/200))
TH34_2351_S01	HMOX1	pd	PID_FRA_PATHWAY (pd_up (3/37))
TH34_2351_S01	HMOX1	pd	PID_HIF1_TFPATHWAY (pd_up (7/66))
TH34_2351_S01	IGF2	pc	NABA_MATRISOME (comm_up (10/1028) and pc_up (16/1028) and pd_up (31/1028))
TH34_2351_S01	IGF2	pc	NABA_MATRISOME_ASSOCIATED (comm_up (9/753) and pc_up (11/753) and pd_up (27/753))
TH34_2351_S01	HMOX1	pd	HALLMARK_APOPTOSIS (pd_up (4/161))
TH34_2351_S01	HMOX1	pd	HALLMARK_HYPOXIA (pd_up (10/200))
TH34_2351_S01	IGF2	pc	NABA_SECRETED_FACTORS (pd_up (13/344))
TH34_2411_S01	MAP2K2	pc	BIOCARTA_MAL_PATHWAY (comm_up (2/19) and pc_up (2/19) and pd_up (2/19))
TH34_2411_S01	MAP2K2	pd	BIOCARTA_MAL_PATHWAY (comm_up (2/19) and pc_up (2/19) and pd_up (2/19))
TH34_2411_S01	CDK4	pc	BIOCARTA_P53_PATHWAY (comm_up (2/16) and pc_up (2/16) and pd_up (2/16))
TH34_2411_S01	CDK4	pd	BIOCARTA_P53_PATHWAY (comm_up (2/16) and pc_up (2/16) and pd_up (2/16))
TH34_2411_S01	MDM2	pc	BIOCARTA_P53_PATHWAY (comm_up (2/16) and pc_up (2/16) and pd_up (2/16))
TH34_2411_S01	MDM2	pd	BIOCARTA_P53_PATHWAY (comm_up (2/16) and pc_up (2/16) and pd_up (2/16))
TH34_2411_S01	CDK4	pc	PID_RB_1PATHWAY (comm_up (3/65) and pc_up (5/65) and pd_up (3/65))
TH34_2411_S01	CDK4	pd	PID_RB_1PATHWAY (comm_up (3/65) and pc_up (5/65) and pd_up (3/65))
TH34_2411_S01	MDM2	pc	PID_RB_1PATHWAY (comm_up (3/65) and pc_up (5/65) and pd_up (3/65))
TH34_2411_S01	MDM2	pd	PID_RB_1PATHWAY (comm_up (3/65) and pc_up (5/65) and pd_up (3/65))
TH34_2411_S01	MAP2K2	pc	REACTOME_PROLONGED_ERK_ACTIVATION_EVENTS (comm_up (2/19) and pc_up (2/19) and pd_up (2/19))
TH34_2411_S01	MAP2K2	pd	REACTOME_PROLONGED_ERK_ACTIVATION_EVENTS (comm_up (2/19) and pc_up (2/19) and pd_up (2/19))
TH34_2411_S01	CDK4	pc	SA_G1_AND_S_PHASES (comm_up (2/15) and pc_up (2/15) and pd_up (2/15))
TH34_2411_S01	CDK4	pd	SA_G1_AND_S_PHASES (comm_up (2/15) and pc_up (2/15) and pd_up (2/15))
TH34_2411_S01	MDM2	pc	SA_G1_AND_S_PHASES (comm_up (2/15) and pc_up (2/15) and pd_up (2/15))
TH34_2411_S01	MDM2	pd	SA_G1_AND_S_PHASES (comm_up (2/15) and pc_up (2/15) and pd_up (2/15))
TH34_2411_S01	MAP2K2	pc	REACTOME_SIGNALING_BY_PDGF (comm_up (3/122) and pc_up (4/122))
TH34_2411_S01	MAP2K2	pd	REACTOME_SIGNALING_BY_PDGF (comm_up (3/122) and pc_up (4/122))
TH34_2411_S01	MDM2	pc	REACTOME_SIGNALING_BY_PDGF (comm_up (3/122) and pc_up (4/122))
TH34_2411_S01	MDM2	pd	REACTOME_SIGNALING_BY_PDGF (comm_up (3/122) and pc_up (4/122))
TH34_2411_S01	MAP2K2	pc	REACTOME_DOWNSTREAM_SIGNALING_OF_ACTIVATED_FGFR (comm_up (3/100))
TH34_2411_S01	MAP2K2	pd	REACTOME_DOWNSTREAM_SIGNALING_OF_ACTIVATED_FGFR (comm_up (3/100))
TH34_2411_S01	MDM2	pc	REACTOME_DOWNSTREAM_SIGNALING_OF_ACTIVATED_FGFR (comm_up (3/100))
TH34_2411_S01	MDM2	pd	REACTOME_DOWNSTREAM_SIGNALING_OF_ACTIVATED_FGFR (comm_up (3/100))
TH34_2411_S01	MAP2K2	pc	REACTOME_NGF_SIGNALLING_VIA_TRKA_FROM_THE_PLASMA_MEMBRANE (comm_up (3/137))
TH34_2411_S01	MAP2K2	pd	REACTOME_NGF_SIGNALLING_VIA_TRKA_FROM_THE_PLASMA_MEMBRANE (comm_up (3/137))
TH34_2411_S01	MDM2	pc	REACTOME_NGF_SIGNALLING_VIA_TRKA_FROM_THE_PLASMA_MEMBRANE (comm_up (3/137))
TH34_2411_S01	MDM2	pd	REACTOME_NGF_SIGNALLING_VIA_TRKA_FROM_THE_PLASMA_MEMBRANE (comm_up (3/137))
TH34_2411_S01	MAP2K2	pc	REACTOME_SIGNALING_BY_FGFR (comm_up (3/112))
TH34_2411_S01	MAP2K2	pd	REACTOME_SIGNALING_BY_FGFR (comm_up (3/112))
TH34_2411_S01	MDM2	pc	REACTOME_SIGNALING_BY_FGFR (comm_up (3/112))
TH34_2411_S01	MDM2	pd	REACTOME_SIGNALING_BY_FGFR (comm_up (3/112))
TH34_2411_S01	MAP2K2	pc	REACTOME_SIGNALING_BY_FGFR_IN_DISEASE (comm_up (3/127))
TH34_2411_S01	MAP2K2	pd	REACTOME_SIGNALING_BY_FGFR_IN_DISEASE (comm_up (3/127))
TH34_2411_S01	MDM2	pc	REACTOME_SIGNALING_BY_FGFR_IN_DISEASE (comm_up (3/127))
TH34_2411_S01	MDM2	pd	REACTOME_SIGNALING_BY_FGFR_IN_DISEASE (comm_up (3/127))
TH34_2411_S01	CDK4	pc	KEGG_BLADDER_CANCER (comm_up (3/42) and pc_up (3/42) and pd_up (3/42))
TH34_2411_S01	CDK4	pd	KEGG_BLADDER_CANCER (comm_up (3/42) and pc_up (3/42) and pd_up (3/42))
TH34_2411_S01	MAP2K2	pc	KEGG_BLADDER_CANCER (comm_up (3/42) and pc_up (3/42) and pd_up (3/42))
TH34_2411_S01	MAP2K2	pd	KEGG_BLADDER_CANCER (comm_up (3/42) and pc_up (3/42) and pd_up (3/42))
TH34_2411_S01	MDM2	pc	KEGG_BLADDER_CANCER (comm_up (3/42) and pc_up (3/42) and pd_up (3/42))
TH34_2411_S01	MDM2	pd	KEGG_BLADDER_CANCER (comm_up (3/42) and pc_up (3/42) and pd_up (3/42))
TH34_2411_S01	CDK4	pc	KEGG_CHRONIC_MYELOID_LEUKEMIA (comm_up (3/73) and pc_up (3/73) and pd_up (3/73))
TH34_2411_S01	CDK4	pd	KEGG_CHRONIC_MYELOID_LEUKEMIA (comm_up (3/73) and pc_up (3/73) and pd_up (3/73))
TH34_2411_S01	MAP2K2	pc	KEGG_CHRONIC_MYELOID_LEUKEMIA (comm_up (3/73) and pc_up (3/73) and pd_up (3/73))
TH34_2411_S01	MAP2K2	pd	KEGG_CHRONIC_MYELOID_LEUKEMIA (comm_up (3/73) and pc_up (3/73) and pd_up (3/73))
TH34_2411_S01	MDM2	pc	KEGG_CHRONIC_MYELOID_LEUKEMIA (comm_up (3/73) and pc_up (3/73) and pd_up (3/73))
TH34_2411_S01	MDM2	pd	KEGG_CHRONIC_MYELOID_LEUKEMIA (comm_up (3/73) and pc_up (3/73) and pd_up (3/73))
TH34_2411_S01	CDK4	pc	KEGG_GLIOMA (comm_up (3/65) and pc_up (3/65) and pd_up (3/65))
TH34_2411_S01	CDK4	pd	KEGG_GLIOMA (comm_up (3/65) and pc_up (3/65) and pd_up (3/65))
TH34_2411_S01	MAP2K2	pc	KEGG_GLIOMA (comm_up (3/65) and pc_up (3/65) and pd_up (3/65))
TH34_2411_S01	MAP2K2	pd	KEGG_GLIOMA (comm_up (3/65) and pc_up (3/65) and pd_up (3/65))
TH34_2411_S01	MDM2	pc	KEGG_GLIOMA (comm_up (3/65) and pc_up (3/65) and pd_up (3/65))
TH34_2411_S01	MDM2	pd	KEGG_GLIOMA (comm_up (3/65) and pc_up (3/65) and pd_up (3/65))
TH34_2411_S01	CDK4	pc	KEGG_MELANOMA (comm_up (3/71) and pc_up (3/71) and pd_up (3/71))
TH34_2411_S01	CDK4	pd	KEGG_MELANOMA (comm_up (3/71) and pc_up (3/71) and pd_up (3/71))
TH34_2411_S01	MAP2K2	pc	KEGG_MELANOMA (comm_up (3/71) and pc_up (3/71) and pd_up (3/71))
TH34_2411_S01	MAP2K2	pd	KEGG_MELANOMA (comm_up (3/71) and pc_up (3/71) and pd_up (3/71))
TH34_2411_S01	MDM2	pc	KEGG_MELANOMA (comm_up (3/71) and pc_up (3/71) and pd_up (3/71))
TH34_2411_S01	MDM2	pd	KEGG_MELANOMA (comm_up (3/71) and pc_up (3/71) and pd_up (3/71))
TH34_2411_S01	CDK4	pc	KEGG_TIGHT_JUNCTION (comm_up (3/134))
TH34_2411_S01	CDK4	pd	KEGG_TIGHT_JUNCTION (comm_up (3/134))
TH34_2411_S01	MAP2K2	pc	KEGG_VASCULAR_SMOOTH_MUSCLE_CONTRACTION (comm_up (3/115))
TH34_2411_S01	MAP2K2	pd	KEGG_VASCULAR_SMOOTH_MUSCLE_CONTRACTION (comm_up (3/115))
